mutant,mutated_sequence,DMS_score,DMS_score_bin
A10C,LADDRTLLMCGVSHDLRTPLTRIRLATEMMSEQDGYLAESINKDIEECNAIIEQFIDYLR,3.2955262976844057,0
A10D,LADDRTLLMDGVSHDLRTPLTRIRLATEMMSEQDGYLAESINKDIEECNAIIEQFIDYLR,1.13777349057946,0
A10E,LADDRTLLMEGVSHDLRTPLTRIRLATEMMSEQDGYLAESINKDIEECNAIIEQFIDYLR,1.4508204537203484,0
A10F,LADDRTLLMFGVSHDLRTPLTRIRLATEMMSEQDGYLAESINKDIEECNAIIEQFIDYLR,3.0204124608929144,0
A10G,LADDRTLLMGGVSHDLRTPLTRIRLATEMMSEQDGYLAESINKDIEECNAIIEQFIDYLR,2.841275528985538,0
A10H,LADDRTLLMHGVSHDLRTPLTRIRLATEMMSEQDGYLAESINKDIEECNAIIEQFIDYLR,0.9720030887518624,0
A10I,LADDRTLLMIGVSHDLRTPLTRIRLATEMMSEQDGYLAESINKDIEECNAIIEQFIDYLR,0.8000000005014692,0
A10K,LADDRTLLMKGVSHDLRTPLTRIRLATEMMSEQDGYLAESINKDIEECNAIIEQFIDYLR,1.940989313155528,0
A10L,LADDRTLLMLGVSHDLRTPLTRIRLATEMMSEQDGYLAESINKDIEECNAIIEQFIDYLR,3.7843215381480912,1
A10M,LADDRTLLMMGVSHDLRTPLTRIRLATEMMSEQDGYLAESINKDIEECNAIIEQFIDYLR,3.8205578350311247,1
A10N,LADDRTLLMNGVSHDLRTPLTRIRLATEMMSEQDGYLAESINKDIEECNAIIEQFIDYLR,1.1776854196426036,0
A10P,LADDRTLLMPGVSHDLRTPLTRIRLATEMMSEQDGYLAESINKDIEECNAIIEQFIDYLR,3.446087663313898,0
A10Q,LADDRTLLMQGVSHDLRTPLTRIRLATEMMSEQDGYLAESINKDIEECNAIIEQFIDYLR,0.8000000000273753,0
A10R,LADDRTLLMRGVSHDLRTPLTRIRLATEMMSEQDGYLAESINKDIEECNAIIEQFIDYLR,1.0042748143865678,0
A10S,LADDRTLLMSGVSHDLRTPLTRIRLATEMMSEQDGYLAESINKDIEECNAIIEQFIDYLR,0.8000000366239334,0
A10T,LADDRTLLMTGVSHDLRTPLTRIRLATEMMSEQDGYLAESINKDIEECNAIIEQFIDYLR,0.8000000000000002,0
A10V,LADDRTLLMVGVSHDLRTPLTRIRLATEMMSEQDGYLAESINKDIEECNAIIEQFIDYLR,0.800001150152677,0
A10W,LADDRTLLMWGVSHDLRTPLTRIRLATEMMSEQDGYLAESINKDIEECNAIIEQFIDYLR,0.8000002752484997,0
A10Y,LADDRTLLMYGVSHDLRTPLTRIRLATEMMSEQDGYLAESINKDIEECNAIIEQFIDYLR,0.8000001345495321,0
A26C,LADDRTLLMAGVSHDLRTPLTRIRLCTEMMSEQDGYLAESINKDIEECNAIIEQFIDYLR,3.815236591272832,1
A26D,LADDRTLLMAGVSHDLRTPLTRIRLDTEMMSEQDGYLAESINKDIEECNAIIEQFIDYLR,3.891190912578775,1
A26E,LADDRTLLMAGVSHDLRTPLTRIRLETEMMSEQDGYLAESINKDIEECNAIIEQFIDYLR,3.937265003551563,1
A26F,LADDRTLLMAGVSHDLRTPLTRIRLFTEMMSEQDGYLAESINKDIEECNAIIEQFIDYLR,3.8070256189725136,1
A26G,LADDRTLLMAGVSHDLRTPLTRIRLGTEMMSEQDGYLAESINKDIEECNAIIEQFIDYLR,3.9260934020486986,1
A26H,LADDRTLLMAGVSHDLRTPLTRIRLHTEMMSEQDGYLAESINKDIEECNAIIEQFIDYLR,3.858346566244593,1
A26I,LADDRTLLMAGVSHDLRTPLTRIRLITEMMSEQDGYLAESINKDIEECNAIIEQFIDYLR,3.5694031283758463,1
A26K,LADDRTLLMAGVSHDLRTPLTRIRLKTEMMSEQDGYLAESINKDIEECNAIIEQFIDYLR,0.8288879627541178,0
A26L,LADDRTLLMAGVSHDLRTPLTRIRLLTEMMSEQDGYLAESINKDIEECNAIIEQFIDYLR,3.483065982518314,0
A26M,LADDRTLLMAGVSHDLRTPLTRIRLMTEMMSEQDGYLAESINKDIEECNAIIEQFIDYLR,3.882443831977044,1
A26N,LADDRTLLMAGVSHDLRTPLTRIRLNTEMMSEQDGYLAESINKDIEECNAIIEQFIDYLR,4.156354554003822,1
A26P,LADDRTLLMAGVSHDLRTPLTRIRLPTEMMSEQDGYLAESINKDIEECNAIIEQFIDYLR,0.8555964161469184,0
A26Q,LADDRTLLMAGVSHDLRTPLTRIRLQTEMMSEQDGYLAESINKDIEECNAIIEQFIDYLR,3.86633387942926,1
A26R,LADDRTLLMAGVSHDLRTPLTRIRLRTEMMSEQDGYLAESINKDIEECNAIIEQFIDYLR,3.994778457314738,1
A26S,LADDRTLLMAGVSHDLRTPLTRIRLSTEMMSEQDGYLAESINKDIEECNAIIEQFIDYLR,3.9019363032573913,1
A26T,LADDRTLLMAGVSHDLRTPLTRIRLTTEMMSEQDGYLAESINKDIEECNAIIEQFIDYLR,3.756437023634527,1
A26V,LADDRTLLMAGVSHDLRTPLTRIRLVTEMMSEQDGYLAESINKDIEECNAIIEQFIDYLR,3.9323153003433737,1
A26W,LADDRTLLMAGVSHDLRTPLTRIRLWTEMMSEQDGYLAESINKDIEECNAIIEQFIDYLR,2.011349881440568,0
A26Y,LADDRTLLMAGVSHDLRTPLTRIRLYTEMMSEQDGYLAESINKDIEECNAIIEQFIDYLR,3.778187390720289,1
A2C,LCDDRTLLMAGVSHDLRTPLTRIRLATEMMSEQDGYLAESINKDIEECNAIIEQFIDYLR,3.902145967324008,1
A2D,LDDDRTLLMAGVSHDLRTPLTRIRLATEMMSEQDGYLAESINKDIEECNAIIEQFIDYLR,3.3846378065055944,0
A2E,LEDDRTLLMAGVSHDLRTPLTRIRLATEMMSEQDGYLAESINKDIEECNAIIEQFIDYLR,2.018112232598676,0
A2F,LFDDRTLLMAGVSHDLRTPLTRIRLATEMMSEQDGYLAESINKDIEECNAIIEQFIDYLR,3.822680977998024,1
A2G,LGDDRTLLMAGVSHDLRTPLTRIRLATEMMSEQDGYLAESINKDIEECNAIIEQFIDYLR,3.869673778673701,1
A2H,LHDDRTLLMAGVSHDLRTPLTRIRLATEMMSEQDGYLAESINKDIEECNAIIEQFIDYLR,3.9527513954397566,1
A2I,LIDDRTLLMAGVSHDLRTPLTRIRLATEMMSEQDGYLAESINKDIEECNAIIEQFIDYLR,4.120083157790992,1
A2K,LKDDRTLLMAGVSHDLRTPLTRIRLATEMMSEQDGYLAESINKDIEECNAIIEQFIDYLR,3.727324033074461,1
A2L,LLDDRTLLMAGVSHDLRTPLTRIRLATEMMSEQDGYLAESINKDIEECNAIIEQFIDYLR,3.8563004546514783,1
A2M,LMDDRTLLMAGVSHDLRTPLTRIRLATEMMSEQDGYLAESINKDIEECNAIIEQFIDYLR,1.6864564937281663,0
A2N,LNDDRTLLMAGVSHDLRTPLTRIRLATEMMSEQDGYLAESINKDIEECNAIIEQFIDYLR,3.9207052182283495,1
A2P,LPDDRTLLMAGVSHDLRTPLTRIRLATEMMSEQDGYLAESINKDIEECNAIIEQFIDYLR,3.8937368347462615,1
A2Q,LQDDRTLLMAGVSHDLRTPLTRIRLATEMMSEQDGYLAESINKDIEECNAIIEQFIDYLR,3.914347963845395,1
A2R,LRDDRTLLMAGVSHDLRTPLTRIRLATEMMSEQDGYLAESINKDIEECNAIIEQFIDYLR,3.787946222533936,1
A2S,LSDDRTLLMAGVSHDLRTPLTRIRLATEMMSEQDGYLAESINKDIEECNAIIEQFIDYLR,3.8158980597775214,1
A2T,LTDDRTLLMAGVSHDLRTPLTRIRLATEMMSEQDGYLAESINKDIEECNAIIEQFIDYLR,3.9215233261498175,1
A2V,LVDDRTLLMAGVSHDLRTPLTRIRLATEMMSEQDGYLAESINKDIEECNAIIEQFIDYLR,3.7060541175244097,1
A2W,LWDDRTLLMAGVSHDLRTPLTRIRLATEMMSEQDGYLAESINKDIEECNAIIEQFIDYLR,3.948126227412853,1
A2Y,LYDDRTLLMAGVSHDLRTPLTRIRLATEMMSEQDGYLAESINKDIEECNAIIEQFIDYLR,3.895725503530755,1
A38C,LADDRTLLMAGVSHDLRTPLTRIRLATEMMSEQDGYLCESINKDIEECNAIIEQFIDYLR,0.8000000118406275,0
A38D,LADDRTLLMAGVSHDLRTPLTRIRLATEMMSEQDGYLDESINKDIEECNAIIEQFIDYLR,3.5178407733145005,1
A38E,LADDRTLLMAGVSHDLRTPLTRIRLATEMMSEQDGYLEESINKDIEECNAIIEQFIDYLR,3.875520524427384,1
A38F,LADDRTLLMAGVSHDLRTPLTRIRLATEMMSEQDGYLFESINKDIEECNAIIEQFIDYLR,3.8969147564111872,1
A38G,LADDRTLLMAGVSHDLRTPLTRIRLATEMMSEQDGYLGESINKDIEECNAIIEQFIDYLR,3.9123335081265136,1
A38H,LADDRTLLMAGVSHDLRTPLTRIRLATEMMSEQDGYLHESINKDIEECNAIIEQFIDYLR,3.777985387711949,1
A38I,LADDRTLLMAGVSHDLRTPLTRIRLATEMMSEQDGYLIESINKDIEECNAIIEQFIDYLR,1.8151419766587031,0
A38K,LADDRTLLMAGVSHDLRTPLTRIRLATEMMSEQDGYLKESINKDIEECNAIIEQFIDYLR,3.781817384875888,1
A38L,LADDRTLLMAGVSHDLRTPLTRIRLATEMMSEQDGYLLESINKDIEECNAIIEQFIDYLR,2.022752703534502,0
A38M,LADDRTLLMAGVSHDLRTPLTRIRLATEMMSEQDGYLMESINKDIEECNAIIEQFIDYLR,2.9711344120920447,0
A38N,LADDRTLLMAGVSHDLRTPLTRIRLATEMMSEQDGYLNESINKDIEECNAIIEQFIDYLR,3.918602262703208,1
A38P,LADDRTLLMAGVSHDLRTPLTRIRLATEMMSEQDGYLPESINKDIEECNAIIEQFIDYLR,3.762429982243,1
A38Q,LADDRTLLMAGVSHDLRTPLTRIRLATEMMSEQDGYLQESINKDIEECNAIIEQFIDYLR,2.791873232728165,0
A38R,LADDRTLLMAGVSHDLRTPLTRIRLATEMMSEQDGYLRESINKDIEECNAIIEQFIDYLR,3.722651002520616,1
A38S,LADDRTLLMAGVSHDLRTPLTRIRLATEMMSEQDGYLSESINKDIEECNAIIEQFIDYLR,3.7650775975488537,1
A38T,LADDRTLLMAGVSHDLRTPLTRIRLATEMMSEQDGYLTESINKDIEECNAIIEQFIDYLR,0.8000000000000012,0
A38V,LADDRTLLMAGVSHDLRTPLTRIRLATEMMSEQDGYLVESINKDIEECNAIIEQFIDYLR,1.19979567560673,0
A38W,LADDRTLLMAGVSHDLRTPLTRIRLATEMMSEQDGYLWESINKDIEECNAIIEQFIDYLR,3.725916552986487,1
A38Y,LADDRTLLMAGVSHDLRTPLTRIRLATEMMSEQDGYLYESINKDIEECNAIIEQFIDYLR,3.3045655115700487,0
A50C,LADDRTLLMAGVSHDLRTPLTRIRLATEMMSEQDGYLAESINKDIEECNCIIEQFIDYLR,3.5946930968291326,1
A50D,LADDRTLLMAGVSHDLRTPLTRIRLATEMMSEQDGYLAESINKDIEECNDIIEQFIDYLR,3.947313860151368,1
A50E,LADDRTLLMAGVSHDLRTPLTRIRLATEMMSEQDGYLAESINKDIEECNEIIEQFIDYLR,3.9449413392233774,1
A50F,LADDRTLLMAGVSHDLRTPLTRIRLATEMMSEQDGYLAESINKDIEECNFIIEQFIDYLR,2.6116637300163754,0
A50G,LADDRTLLMAGVSHDLRTPLTRIRLATEMMSEQDGYLAESINKDIEECNGIIEQFIDYLR,2.486424158682844,0
A50H,LADDRTLLMAGVSHDLRTPLTRIRLATEMMSEQDGYLAESINKDIEECNHIIEQFIDYLR,3.506033148868052,1
A50I,LADDRTLLMAGVSHDLRTPLTRIRLATEMMSEQDGYLAESINKDIEECNIIIEQFIDYLR,3.8089563691013866,1
A50K,LADDRTLLMAGVSHDLRTPLTRIRLATEMMSEQDGYLAESINKDIEECNKIIEQFIDYLR,3.163819957988835,0
A50L,LADDRTLLMAGVSHDLRTPLTRIRLATEMMSEQDGYLAESINKDIEECNLIIEQFIDYLR,3.9507697145377634,1
A50M,LADDRTLLMAGVSHDLRTPLTRIRLATEMMSEQDGYLAESINKDIEECNMIIEQFIDYLR,4.14455498518646,1
A50N,LADDRTLLMAGVSHDLRTPLTRIRLATEMMSEQDGYLAESINKDIEECNNIIEQFIDYLR,3.078558630656841,0
A50P,LADDRTLLMAGVSHDLRTPLTRIRLATEMMSEQDGYLAESINKDIEECNPIIEQFIDYLR,1.0190309772234645,0
A50Q,LADDRTLLMAGVSHDLRTPLTRIRLATEMMSEQDGYLAESINKDIEECNQIIEQFIDYLR,3.8390056407085966,1
A50R,LADDRTLLMAGVSHDLRTPLTRIRLATEMMSEQDGYLAESINKDIEECNRIIEQFIDYLR,3.0754392549350333,0
A50S,LADDRTLLMAGVSHDLRTPLTRIRLATEMMSEQDGYLAESINKDIEECNSIIEQFIDYLR,3.6504405866107534,1
A50T,LADDRTLLMAGVSHDLRTPLTRIRLATEMMSEQDGYLAESINKDIEECNTIIEQFIDYLR,3.668426899668882,1
A50V,LADDRTLLMAGVSHDLRTPLTRIRLATEMMSEQDGYLAESINKDIEECNVIIEQFIDYLR,3.713246841931284,1
A50W,LADDRTLLMAGVSHDLRTPLTRIRLATEMMSEQDGYLAESINKDIEECNWIIEQFIDYLR,2.3139266864234296,0
A50Y,LADDRTLLMAGVSHDLRTPLTRIRLATEMMSEQDGYLAESINKDIEECNYIIEQFIDYLR,2.063643543324216,0
C48A,LADDRTLLMAGVSHDLRTPLTRIRLATEMMSEQDGYLAESINKDIEEANAIIEQFIDYLR,3.935283675440515,1
C48D,LADDRTLLMAGVSHDLRTPLTRIRLATEMMSEQDGYLAESINKDIEEDNAIIEQFIDYLR,1.2696518870321083,0
C48E,LADDRTLLMAGVSHDLRTPLTRIRLATEMMSEQDGYLAESINKDIEEENAIIEQFIDYLR,2.295146919131631,0
C48F,LADDRTLLMAGVSHDLRTPLTRIRLATEMMSEQDGYLAESINKDIEEFNAIIEQFIDYLR,0.8000002155898527,0
C48G,LADDRTLLMAGVSHDLRTPLTRIRLATEMMSEQDGYLAESINKDIEEGNAIIEQFIDYLR,3.945930885651458,1
C48H,LADDRTLLMAGVSHDLRTPLTRIRLATEMMSEQDGYLAESINKDIEEHNAIIEQFIDYLR,1.3374546522317707,0
C48I,LADDRTLLMAGVSHDLRTPLTRIRLATEMMSEQDGYLAESINKDIEEINAIIEQFIDYLR,2.4266441967008885,0
C48K,LADDRTLLMAGVSHDLRTPLTRIRLATEMMSEQDGYLAESINKDIEEKNAIIEQFIDYLR,1.567466444020558,0
C48L,LADDRTLLMAGVSHDLRTPLTRIRLATEMMSEQDGYLAESINKDIEELNAIIEQFIDYLR,0.8000000000377997,0
C48M,LADDRTLLMAGVSHDLRTPLTRIRLATEMMSEQDGYLAESINKDIEEMNAIIEQFIDYLR,3.012012986974858,0
C48N,LADDRTLLMAGVSHDLRTPLTRIRLATEMMSEQDGYLAESINKDIEENNAIIEQFIDYLR,1.5815939592823516,0
C48P,LADDRTLLMAGVSHDLRTPLTRIRLATEMMSEQDGYLAESINKDIEEPNAIIEQFIDYLR,0.9471654480035936,0
C48Q,LADDRTLLMAGVSHDLRTPLTRIRLATEMMSEQDGYLAESINKDIEEQNAIIEQFIDYLR,0.996692485390083,0
C48R,LADDRTLLMAGVSHDLRTPLTRIRLATEMMSEQDGYLAESINKDIEERNAIIEQFIDYLR,1.0785701535685348,0
C48S,LADDRTLLMAGVSHDLRTPLTRIRLATEMMSEQDGYLAESINKDIEESNAIIEQFIDYLR,2.8110441377147994,0
C48T,LADDRTLLMAGVSHDLRTPLTRIRLATEMMSEQDGYLAESINKDIEETNAIIEQFIDYLR,3.161370258976841,0
C48V,LADDRTLLMAGVSHDLRTPLTRIRLATEMMSEQDGYLAESINKDIEEVNAIIEQFIDYLR,1.500337122581084,0
C48W,LADDRTLLMAGVSHDLRTPLTRIRLATEMMSEQDGYLAESINKDIEEWNAIIEQFIDYLR,1.594659659341348,0
C48Y,LADDRTLLMAGVSHDLRTPLTRIRLATEMMSEQDGYLAESINKDIEEYNAIIEQFIDYLR,3.2680643516063084,0
D15A,LADDRTLLMAGVSHALRTPLTRIRLATEMMSEQDGYLAESINKDIEECNAIIEQFIDYLR,0.8000072045012332,0
D15C,LADDRTLLMAGVSHCLRTPLTRIRLATEMMSEQDGYLAESINKDIEECNAIIEQFIDYLR,1.0026910108089515,0
D15E,LADDRTLLMAGVSHELRTPLTRIRLATEMMSEQDGYLAESINKDIEECNAIIEQFIDYLR,0.9590065526343016,0
D15F,LADDRTLLMAGVSHFLRTPLTRIRLATEMMSEQDGYLAESINKDIEECNAIIEQFIDYLR,1.7973872311760242,0
D15G,LADDRTLLMAGVSHGLRTPLTRIRLATEMMSEQDGYLAESINKDIEECNAIIEQFIDYLR,0.9257826662641186,0
D15H,LADDRTLLMAGVSHHLRTPLTRIRLATEMMSEQDGYLAESINKDIEECNAIIEQFIDYLR,1.6179937237628477,0
D15I,LADDRTLLMAGVSHILRTPLTRIRLATEMMSEQDGYLAESINKDIEECNAIIEQFIDYLR,1.0574620610795196,0
D15K,LADDRTLLMAGVSHKLRTPLTRIRLATEMMSEQDGYLAESINKDIEECNAIIEQFIDYLR,4.233644815679563,1
D15L,LADDRTLLMAGVSHLLRTPLTRIRLATEMMSEQDGYLAESINKDIEECNAIIEQFIDYLR,0.8000000000000002,0
D15M,LADDRTLLMAGVSHMLRTPLTRIRLATEMMSEQDGYLAESINKDIEECNAIIEQFIDYLR,1.6500464952500509,0
D15N,LADDRTLLMAGVSHNLRTPLTRIRLATEMMSEQDGYLAESINKDIEECNAIIEQFIDYLR,0.8000000243080965,0
D15P,LADDRTLLMAGVSHPLRTPLTRIRLATEMMSEQDGYLAESINKDIEECNAIIEQFIDYLR,0.8000009419769218,0
D15Q,LADDRTLLMAGVSHQLRTPLTRIRLATEMMSEQDGYLAESINKDIEECNAIIEQFIDYLR,0.8000000715418281,0
D15R,LADDRTLLMAGVSHRLRTPLTRIRLATEMMSEQDGYLAESINKDIEECNAIIEQFIDYLR,0.8297452856114829,0
D15S,LADDRTLLMAGVSHSLRTPLTRIRLATEMMSEQDGYLAESINKDIEECNAIIEQFIDYLR,0.8000000141187131,0
D15T,LADDRTLLMAGVSHTLRTPLTRIRLATEMMSEQDGYLAESINKDIEECNAIIEQFIDYLR,0.9246295411693658,0
D15V,LADDRTLLMAGVSHVLRTPLTRIRLATEMMSEQDGYLAESINKDIEECNAIIEQFIDYLR,1.0145521962255368,0
D15W,LADDRTLLMAGVSHWLRTPLTRIRLATEMMSEQDGYLAESINKDIEECNAIIEQFIDYLR,0.8000000000000002,0
D15Y,LADDRTLLMAGVSHYLRTPLTRIRLATEMMSEQDGYLAESINKDIEECNAIIEQFIDYLR,0.8000000158171915,0
D34A,LADDRTLLMAGVSHDLRTPLTRIRLATEMMSEQAGYLAESINKDIEECNAIIEQFIDYLR,3.939280598228486,1
D34C,LADDRTLLMAGVSHDLRTPLTRIRLATEMMSEQCGYLAESINKDIEECNAIIEQFIDYLR,3.79479947060912,1
D34E,LADDRTLLMAGVSHDLRTPLTRIRLATEMMSEQEGYLAESINKDIEECNAIIEQFIDYLR,3.7971441240468176,1
D34F,LADDRTLLMAGVSHDLRTPLTRIRLATEMMSEQFGYLAESINKDIEECNAIIEQFIDYLR,3.789701860161804,1
D34G,LADDRTLLMAGVSHDLRTPLTRIRLATEMMSEQGGYLAESINKDIEECNAIIEQFIDYLR,3.6670260656219305,1
D34H,LADDRTLLMAGVSHDLRTPLTRIRLATEMMSEQHGYLAESINKDIEECNAIIEQFIDYLR,3.934978835011514,1
D34I,LADDRTLLMAGVSHDLRTPLTRIRLATEMMSEQIGYLAESINKDIEECNAIIEQFIDYLR,3.919444199197393,1
D34K,LADDRTLLMAGVSHDLRTPLTRIRLATEMMSEQKGYLAESINKDIEECNAIIEQFIDYLR,3.9203406378941454,1
D34L,LADDRTLLMAGVSHDLRTPLTRIRLATEMMSEQLGYLAESINKDIEECNAIIEQFIDYLR,3.769767823714389,1
D34M,LADDRTLLMAGVSHDLRTPLTRIRLATEMMSEQMGYLAESINKDIEECNAIIEQFIDYLR,3.908226930469668,1
D34N,LADDRTLLMAGVSHDLRTPLTRIRLATEMMSEQNGYLAESINKDIEECNAIIEQFIDYLR,3.8248335450909816,1
D34P,LADDRTLLMAGVSHDLRTPLTRIRLATEMMSEQPGYLAESINKDIEECNAIIEQFIDYLR,3.889754260294808,1
D34Q,LADDRTLLMAGVSHDLRTPLTRIRLATEMMSEQQGYLAESINKDIEECNAIIEQFIDYLR,3.906350982216412,1
D34R,LADDRTLLMAGVSHDLRTPLTRIRLATEMMSEQRGYLAESINKDIEECNAIIEQFIDYLR,3.9062813140332695,1
D34S,LADDRTLLMAGVSHDLRTPLTRIRLATEMMSEQSGYLAESINKDIEECNAIIEQFIDYLR,3.8922476554656873,1
D34T,LADDRTLLMAGVSHDLRTPLTRIRLATEMMSEQTGYLAESINKDIEECNAIIEQFIDYLR,3.956471405754917,1
D34V,LADDRTLLMAGVSHDLRTPLTRIRLATEMMSEQVGYLAESINKDIEECNAIIEQFIDYLR,3.887303360096916,1
D34W,LADDRTLLMAGVSHDLRTPLTRIRLATEMMSEQWGYLAESINKDIEECNAIIEQFIDYLR,3.896651519516836,1
D34Y,LADDRTLLMAGVSHDLRTPLTRIRLATEMMSEQYGYLAESINKDIEECNAIIEQFIDYLR,3.853279911009385,1
D3A,LAADRTLLMAGVSHDLRTPLTRIRLATEMMSEQDGYLAESINKDIEECNAIIEQFIDYLR,2.2215433010060948,0
D3C,LACDRTLLMAGVSHDLRTPLTRIRLATEMMSEQDGYLAESINKDIEECNAIIEQFIDYLR,3.696203454081522,1
D3E,LAEDRTLLMAGVSHDLRTPLTRIRLATEMMSEQDGYLAESINKDIEECNAIIEQFIDYLR,3.17909125140542,0
D3F,LAFDRTLLMAGVSHDLRTPLTRIRLATEMMSEQDGYLAESINKDIEECNAIIEQFIDYLR,3.820811739157132,1
D3G,LAGDRTLLMAGVSHDLRTPLTRIRLATEMMSEQDGYLAESINKDIEECNAIIEQFIDYLR,3.0794136618656385,0
D3H,LAHDRTLLMAGVSHDLRTPLTRIRLATEMMSEQDGYLAESINKDIEECNAIIEQFIDYLR,2.5994843154186413,0
D3I,LAIDRTLLMAGVSHDLRTPLTRIRLATEMMSEQDGYLAESINKDIEECNAIIEQFIDYLR,3.824382752243773,1
D3K,LAKDRTLLMAGVSHDLRTPLTRIRLATEMMSEQDGYLAESINKDIEECNAIIEQFIDYLR,2.7352911212447264,0
D3L,LALDRTLLMAGVSHDLRTPLTRIRLATEMMSEQDGYLAESINKDIEECNAIIEQFIDYLR,3.85500959711117,1
D3M,LAMDRTLLMAGVSHDLRTPLTRIRLATEMMSEQDGYLAESINKDIEECNAIIEQFIDYLR,3.8459872689727113,1
D3N,LANDRTLLMAGVSHDLRTPLTRIRLATEMMSEQDGYLAESINKDIEECNAIIEQFIDYLR,3.095659645666504,0
D3P,LAPDRTLLMAGVSHDLRTPLTRIRLATEMMSEQDGYLAESINKDIEECNAIIEQFIDYLR,3.797541562806055,1
D3Q,LAQDRTLLMAGVSHDLRTPLTRIRLATEMMSEQDGYLAESINKDIEECNAIIEQFIDYLR,2.9092871052324742,0
D3R,LARDRTLLMAGVSHDLRTPLTRIRLATEMMSEQDGYLAESINKDIEECNAIIEQFIDYLR,3.124006685468667,0
D3S,LASDRTLLMAGVSHDLRTPLTRIRLATEMMSEQDGYLAESINKDIEECNAIIEQFIDYLR,2.525935590474341,0
D3T,LATDRTLLMAGVSHDLRTPLTRIRLATEMMSEQDGYLAESINKDIEECNAIIEQFIDYLR,3.3124436202527363,0
D3V,LAVDRTLLMAGVSHDLRTPLTRIRLATEMMSEQDGYLAESINKDIEECNAIIEQFIDYLR,3.617306516773976,1
D3W,LAWDRTLLMAGVSHDLRTPLTRIRLATEMMSEQDGYLAESINKDIEECNAIIEQFIDYLR,3.9321465056430176,1
D3Y,LAYDRTLLMAGVSHDLRTPLTRIRLATEMMSEQDGYLAESINKDIEECNAIIEQFIDYLR,3.801634905178127,1
D44A,LADDRTLLMAGVSHDLRTPLTRIRLATEMMSEQDGYLAESINKAIEECNAIIEQFIDYLR,3.885985087410294,1
D44C,LADDRTLLMAGVSHDLRTPLTRIRLATEMMSEQDGYLAESINKCIEECNAIIEQFIDYLR,3.9274785097718574,1
D44E,LADDRTLLMAGVSHDLRTPLTRIRLATEMMSEQDGYLAESINKEIEECNAIIEQFIDYLR,3.8371659862774687,1
D44F,LADDRTLLMAGVSHDLRTPLTRIRLATEMMSEQDGYLAESINKFIEECNAIIEQFIDYLR,2.1545368951796244,0
D44G,LADDRTLLMAGVSHDLRTPLTRIRLATEMMSEQDGYLAESINKGIEECNAIIEQFIDYLR,3.8728207742931895,1
D44H,LADDRTLLMAGVSHDLRTPLTRIRLATEMMSEQDGYLAESINKHIEECNAIIEQFIDYLR,3.874254151168484,1
D44I,LADDRTLLMAGVSHDLRTPLTRIRLATEMMSEQDGYLAESINKIIEECNAIIEQFIDYLR,3.8504122675829455,1
D44K,LADDRTLLMAGVSHDLRTPLTRIRLATEMMSEQDGYLAESINKKIEECNAIIEQFIDYLR,2.753681846905798,0
D44L,LADDRTLLMAGVSHDLRTPLTRIRLATEMMSEQDGYLAESINKLIEECNAIIEQFIDYLR,3.7096804930100142,1
D44N,LADDRTLLMAGVSHDLRTPLTRIRLATEMMSEQDGYLAESINKNIEECNAIIEQFIDYLR,1.7309793007873089,0
D44P,LADDRTLLMAGVSHDLRTPLTRIRLATEMMSEQDGYLAESINKPIEECNAIIEQFIDYLR,1.426329510580096,0
D44Q,LADDRTLLMAGVSHDLRTPLTRIRLATEMMSEQDGYLAESINKQIEECNAIIEQFIDYLR,0.8425860806969658,0
D44R,LADDRTLLMAGVSHDLRTPLTRIRLATEMMSEQDGYLAESINKRIEECNAIIEQFIDYLR,2.900255189245537,0
D44S,LADDRTLLMAGVSHDLRTPLTRIRLATEMMSEQDGYLAESINKSIEECNAIIEQFIDYLR,3.9446274306154856,1
D44T,LADDRTLLMAGVSHDLRTPLTRIRLATEMMSEQDGYLAESINKTIEECNAIIEQFIDYLR,3.830760260676615,1
D44V,LADDRTLLMAGVSHDLRTPLTRIRLATEMMSEQDGYLAESINKVIEECNAIIEQFIDYLR,3.709274592670062,1
D44W,LADDRTLLMAGVSHDLRTPLTRIRLATEMMSEQDGYLAESINKWIEECNAIIEQFIDYLR,2.6135515575197066,0
D44Y,LADDRTLLMAGVSHDLRTPLTRIRLATEMMSEQDGYLAESINKYIEECNAIIEQFIDYLR,3.711086329671605,1
D4A,LADARTLLMAGVSHDLRTPLTRIRLATEMMSEQDGYLAESINKDIEECNAIIEQFIDYLR,3.8761935334451465,1
D4C,LADCRTLLMAGVSHDLRTPLTRIRLATEMMSEQDGYLAESINKDIEECNAIIEQFIDYLR,3.907731768415488,1
D4E,LADERTLLMAGVSHDLRTPLTRIRLATEMMSEQDGYLAESINKDIEECNAIIEQFIDYLR,3.7762734528887023,1
D4F,LADFRTLLMAGVSHDLRTPLTRIRLATEMMSEQDGYLAESINKDIEECNAIIEQFIDYLR,3.6813976654896527,1
D4G,LADGRTLLMAGVSHDLRTPLTRIRLATEMMSEQDGYLAESINKDIEECNAIIEQFIDYLR,3.822305447304879,1
D4H,LADHRTLLMAGVSHDLRTPLTRIRLATEMMSEQDGYLAESINKDIEECNAIIEQFIDYLR,3.9278061517851577,1
D4I,LADIRTLLMAGVSHDLRTPLTRIRLATEMMSEQDGYLAESINKDIEECNAIIEQFIDYLR,3.8757284615931424,1
D4K,LADKRTLLMAGVSHDLRTPLTRIRLATEMMSEQDGYLAESINKDIEECNAIIEQFIDYLR,3.861280351613817,1
D4L,LADLRTLLMAGVSHDLRTPLTRIRLATEMMSEQDGYLAESINKDIEECNAIIEQFIDYLR,3.862013691516826,1
D4M,LADMRTLLMAGVSHDLRTPLTRIRLATEMMSEQDGYLAESINKDIEECNAIIEQFIDYLR,4.041175765166996,1
D4N,LADNRTLLMAGVSHDLRTPLTRIRLATEMMSEQDGYLAESINKDIEECNAIIEQFIDYLR,3.815576438997853,1
D4P,LADPRTLLMAGVSHDLRTPLTRIRLATEMMSEQDGYLAESINKDIEECNAIIEQFIDYLR,3.904879540707801,1
D4Q,LADQRTLLMAGVSHDLRTPLTRIRLATEMMSEQDGYLAESINKDIEECNAIIEQFIDYLR,3.85595644230115,1
D4R,LADRRTLLMAGVSHDLRTPLTRIRLATEMMSEQDGYLAESINKDIEECNAIIEQFIDYLR,3.8572830970131866,1
D4S,LADSRTLLMAGVSHDLRTPLTRIRLATEMMSEQDGYLAESINKDIEECNAIIEQFIDYLR,3.834731067505512,1
D4T,LADTRTLLMAGVSHDLRTPLTRIRLATEMMSEQDGYLAESINKDIEECNAIIEQFIDYLR,3.83720788697338,1
D4V,LADVRTLLMAGVSHDLRTPLTRIRLATEMMSEQDGYLAESINKDIEECNAIIEQFIDYLR,3.883643074143584,1
D4W,LADWRTLLMAGVSHDLRTPLTRIRLATEMMSEQDGYLAESINKDIEECNAIIEQFIDYLR,3.795139811780704,1
D4Y,LADYRTLLMAGVSHDLRTPLTRIRLATEMMSEQDGYLAESINKDIEECNAIIEQFIDYLR,3.8385654221492977,1
D57A,LADDRTLLMAGVSHDLRTPLTRIRLATEMMSEQDGYLAESINKDIEECNAIIEQFIAYLR,0.8000000000830415,0
D57C,LADDRTLLMAGVSHDLRTPLTRIRLATEMMSEQDGYLAESINKDIEECNAIIEQFICYLR,0.8000000483316894,0
D57E,LADDRTLLMAGVSHDLRTPLTRIRLATEMMSEQDGYLAESINKDIEECNAIIEQFIEYLR,3.734392700510383,1
D57F,LADDRTLLMAGVSHDLRTPLTRIRLATEMMSEQDGYLAESINKDIEECNAIIEQFIFYLR,3.93760294476796,1
D57G,LADDRTLLMAGVSHDLRTPLTRIRLATEMMSEQDGYLAESINKDIEECNAIIEQFIGYLR,3.8774068910694552,1
D57H,LADDRTLLMAGVSHDLRTPLTRIRLATEMMSEQDGYLAESINKDIEECNAIIEQFIHYLR,3.9441064739594967,1
D57I,LADDRTLLMAGVSHDLRTPLTRIRLATEMMSEQDGYLAESINKDIEECNAIIEQFIIYLR,2.0211026447731126,0
D57K,LADDRTLLMAGVSHDLRTPLTRIRLATEMMSEQDGYLAESINKDIEECNAIIEQFIKYLR,4.020285724407593,1
D57L,LADDRTLLMAGVSHDLRTPLTRIRLATEMMSEQDGYLAESINKDIEECNAIIEQFILYLR,3.549866433390612,1
D57M,LADDRTLLMAGVSHDLRTPLTRIRLATEMMSEQDGYLAESINKDIEECNAIIEQFIMYLR,3.630916172803518,1
D57N,LADDRTLLMAGVSHDLRTPLTRIRLATEMMSEQDGYLAESINKDIEECNAIIEQFINYLR,3.773982795742933,1
D57P,LADDRTLLMAGVSHDLRTPLTRIRLATEMMSEQDGYLAESINKDIEECNAIIEQFIPYLR,0.8000000384421021,0
D57Q,LADDRTLLMAGVSHDLRTPLTRIRLATEMMSEQDGYLAESINKDIEECNAIIEQFIQYLR,3.287951076082707,0
D57R,LADDRTLLMAGVSHDLRTPLTRIRLATEMMSEQDGYLAESINKDIEECNAIIEQFIRYLR,3.8842768075939422,1
D57S,LADDRTLLMAGVSHDLRTPLTRIRLATEMMSEQDGYLAESINKDIEECNAIIEQFISYLR,2.596083546331172,0
D57T,LADDRTLLMAGVSHDLRTPLTRIRLATEMMSEQDGYLAESINKDIEECNAIIEQFITYLR,3.21093894821018,0
D57V,LADDRTLLMAGVSHDLRTPLTRIRLATEMMSEQDGYLAESINKDIEECNAIIEQFIVYLR,2.0587666014334403,0
D57W,LADDRTLLMAGVSHDLRTPLTRIRLATEMMSEQDGYLAESINKDIEECNAIIEQFIWYLR,2.087608415129917,0
D57Y,LADDRTLLMAGVSHDLRTPLTRIRLATEMMSEQDGYLAESINKDIEECNAIIEQFIYYLR,3.764173299221013,1
E28A,LADDRTLLMAGVSHDLRTPLTRIRLATAMMSEQDGYLAESINKDIEECNAIIEQFIDYLR,3.831780289617998,1
E28C,LADDRTLLMAGVSHDLRTPLTRIRLATCMMSEQDGYLAESINKDIEECNAIIEQFIDYLR,3.798412729601553,1
E28D,LADDRTLLMAGVSHDLRTPLTRIRLATDMMSEQDGYLAESINKDIEECNAIIEQFIDYLR,3.711723461905192,1
E28F,LADDRTLLMAGVSHDLRTPLTRIRLATFMMSEQDGYLAESINKDIEECNAIIEQFIDYLR,3.818406590568988,1
E28G,LADDRTLLMAGVSHDLRTPLTRIRLATGMMSEQDGYLAESINKDIEECNAIIEQFIDYLR,3.728942232031453,1
E28H,LADDRTLLMAGVSHDLRTPLTRIRLATHMMSEQDGYLAESINKDIEECNAIIEQFIDYLR,4.002586985886079,1
E28I,LADDRTLLMAGVSHDLRTPLTRIRLATIMMSEQDGYLAESINKDIEECNAIIEQFIDYLR,3.8812352686200624,1
E28K,LADDRTLLMAGVSHDLRTPLTRIRLATKMMSEQDGYLAESINKDIEECNAIIEQFIDYLR,3.712478439315624,1
E28L,LADDRTLLMAGVSHDLRTPLTRIRLATLMMSEQDGYLAESINKDIEECNAIIEQFIDYLR,3.8394376931201033,1
E28M,LADDRTLLMAGVSHDLRTPLTRIRLATMMMSEQDGYLAESINKDIEECNAIIEQFIDYLR,4.086692777647556,1
E28N,LADDRTLLMAGVSHDLRTPLTRIRLATNMMSEQDGYLAESINKDIEECNAIIEQFIDYLR,3.758032362876061,1
E28P,LADDRTLLMAGVSHDLRTPLTRIRLATPMMSEQDGYLAESINKDIEECNAIIEQFIDYLR,2.0298669837009733,0
E28Q,LADDRTLLMAGVSHDLRTPLTRIRLATQMMSEQDGYLAESINKDIEECNAIIEQFIDYLR,3.686584259016024,1
E28R,LADDRTLLMAGVSHDLRTPLTRIRLATRMMSEQDGYLAESINKDIEECNAIIEQFIDYLR,3.900096458298653,1
E28S,LADDRTLLMAGVSHDLRTPLTRIRLATSMMSEQDGYLAESINKDIEECNAIIEQFIDYLR,3.921136985215549,1
E28T,LADDRTLLMAGVSHDLRTPLTRIRLATTMMSEQDGYLAESINKDIEECNAIIEQFIDYLR,3.939411282140777,1
E28V,LADDRTLLMAGVSHDLRTPLTRIRLATVMMSEQDGYLAESINKDIEECNAIIEQFIDYLR,3.830187997636607,1
E28W,LADDRTLLMAGVSHDLRTPLTRIRLATWMMSEQDGYLAESINKDIEECNAIIEQFIDYLR,2.256494603868928,0
E28Y,LADDRTLLMAGVSHDLRTPLTRIRLATYMMSEQDGYLAESINKDIEECNAIIEQFIDYLR,3.9123238560268265,1
E32A,LADDRTLLMAGVSHDLRTPLTRIRLATEMMSAQDGYLAESINKDIEECNAIIEQFIDYLR,3.673205059848856,1
E32C,LADDRTLLMAGVSHDLRTPLTRIRLATEMMSCQDGYLAESINKDIEECNAIIEQFIDYLR,3.479267799009365,0
E32D,LADDRTLLMAGVSHDLRTPLTRIRLATEMMSDQDGYLAESINKDIEECNAIIEQFIDYLR,3.610620287978688,1
E32F,LADDRTLLMAGVSHDLRTPLTRIRLATEMMSFQDGYLAESINKDIEECNAIIEQFIDYLR,3.5365852749435898,1
E32G,LADDRTLLMAGVSHDLRTPLTRIRLATEMMSGQDGYLAESINKDIEECNAIIEQFIDYLR,3.316825983495347,0
E32H,LADDRTLLMAGVSHDLRTPLTRIRLATEMMSHQDGYLAESINKDIEECNAIIEQFIDYLR,3.6482857737198233,1
E32I,LADDRTLLMAGVSHDLRTPLTRIRLATEMMSIQDGYLAESINKDIEECNAIIEQFIDYLR,3.726009026849669,1
E32K,LADDRTLLMAGVSHDLRTPLTRIRLATEMMSKQDGYLAESINKDIEECNAIIEQFIDYLR,3.730900048556695,1
E32L,LADDRTLLMAGVSHDLRTPLTRIRLATEMMSLQDGYLAESINKDIEECNAIIEQFIDYLR,3.703741257100734,1
E32M,LADDRTLLMAGVSHDLRTPLTRIRLATEMMSMQDGYLAESINKDIEECNAIIEQFIDYLR,3.639116176393204,1
E32N,LADDRTLLMAGVSHDLRTPLTRIRLATEMMSNQDGYLAESINKDIEECNAIIEQFIDYLR,3.6505518719611865,1
E32P,LADDRTLLMAGVSHDLRTPLTRIRLATEMMSPQDGYLAESINKDIEECNAIIEQFIDYLR,3.754179905569381,1
E32Q,LADDRTLLMAGVSHDLRTPLTRIRLATEMMSQQDGYLAESINKDIEECNAIIEQFIDYLR,3.6595893793050487,1
E32R,LADDRTLLMAGVSHDLRTPLTRIRLATEMMSRQDGYLAESINKDIEECNAIIEQFIDYLR,3.697550418261149,1
E32S,LADDRTLLMAGVSHDLRTPLTRIRLATEMMSSQDGYLAESINKDIEECNAIIEQFIDYLR,3.6348952037254287,1
E32T,LADDRTLLMAGVSHDLRTPLTRIRLATEMMSTQDGYLAESINKDIEECNAIIEQFIDYLR,3.694354428951172,1
E32V,LADDRTLLMAGVSHDLRTPLTRIRLATEMMSVQDGYLAESINKDIEECNAIIEQFIDYLR,3.720063672200971,1
E32W,LADDRTLLMAGVSHDLRTPLTRIRLATEMMSWQDGYLAESINKDIEECNAIIEQFIDYLR,3.570715911046088,1
E32Y,LADDRTLLMAGVSHDLRTPLTRIRLATEMMSYQDGYLAESINKDIEECNAIIEQFIDYLR,3.569177202147749,1
E39A,LADDRTLLMAGVSHDLRTPLTRIRLATEMMSEQDGYLAASINKDIEECNAIIEQFIDYLR,3.873944634959204,1
E39C,LADDRTLLMAGVSHDLRTPLTRIRLATEMMSEQDGYLACSINKDIEECNAIIEQFIDYLR,3.3822155732880064,0
E39D,LADDRTLLMAGVSHDLRTPLTRIRLATEMMSEQDGYLADSINKDIEECNAIIEQFIDYLR,3.5064466641498497,1
E39F,LADDRTLLMAGVSHDLRTPLTRIRLATEMMSEQDGYLAFSINKDIEECNAIIEQFIDYLR,3.9179356760095394,1
E39G,LADDRTLLMAGVSHDLRTPLTRIRLATEMMSEQDGYLAGSINKDIEECNAIIEQFIDYLR,3.714538504649026,1
E39H,LADDRTLLMAGVSHDLRTPLTRIRLATEMMSEQDGYLAHSINKDIEECNAIIEQFIDYLR,3.8822609888426,1
E39K,LADDRTLLMAGVSHDLRTPLTRIRLATEMMSEQDGYLAKSINKDIEECNAIIEQFIDYLR,3.982938134237601,1
E39L,LADDRTLLMAGVSHDLRTPLTRIRLATEMMSEQDGYLALSINKDIEECNAIIEQFIDYLR,3.897408344794578,1
E39M,LADDRTLLMAGVSHDLRTPLTRIRLATEMMSEQDGYLAMSINKDIEECNAIIEQFIDYLR,3.855444036737641,1
E39P,LADDRTLLMAGVSHDLRTPLTRIRLATEMMSEQDGYLAPSINKDIEECNAIIEQFIDYLR,3.889815071955238,1
E39Q,LADDRTLLMAGVSHDLRTPLTRIRLATEMMSEQDGYLAQSINKDIEECNAIIEQFIDYLR,3.77882646239662,1
E39R,LADDRTLLMAGVSHDLRTPLTRIRLATEMMSEQDGYLARSINKDIEECNAIIEQFIDYLR,3.945396231103912,1
E39S,LADDRTLLMAGVSHDLRTPLTRIRLATEMMSEQDGYLASSINKDIEECNAIIEQFIDYLR,3.786174799974408,1
E39T,LADDRTLLMAGVSHDLRTPLTRIRLATEMMSEQDGYLATSINKDIEECNAIIEQFIDYLR,3.7995532950113455,1
E39V,LADDRTLLMAGVSHDLRTPLTRIRLATEMMSEQDGYLAVSINKDIEECNAIIEQFIDYLR,3.933882171550221,1
E39W,LADDRTLLMAGVSHDLRTPLTRIRLATEMMSEQDGYLAWSINKDIEECNAIIEQFIDYLR,3.445267101895305,0
E39Y,LADDRTLLMAGVSHDLRTPLTRIRLATEMMSEQDGYLAYSINKDIEECNAIIEQFIDYLR,3.819644195709166,1
E46A,LADDRTLLMAGVSHDLRTPLTRIRLATEMMSEQDGYLAESINKDIAECNAIIEQFIDYLR,3.6239775275707538,1
E46C,LADDRTLLMAGVSHDLRTPLTRIRLATEMMSEQDGYLAESINKDICECNAIIEQFIDYLR,3.8208209156232185,1
E46D,LADDRTLLMAGVSHDLRTPLTRIRLATEMMSEQDGYLAESINKDIDECNAIIEQFIDYLR,3.8181334841085866,1
E46F,LADDRTLLMAGVSHDLRTPLTRIRLATEMMSEQDGYLAESINKDIFECNAIIEQFIDYLR,3.2775264566228963,0
E46G,LADDRTLLMAGVSHDLRTPLTRIRLATEMMSEQDGYLAESINKDIGECNAIIEQFIDYLR,3.830763761155167,1
E46H,LADDRTLLMAGVSHDLRTPLTRIRLATEMMSEQDGYLAESINKDIHECNAIIEQFIDYLR,3.5773517052145256,1
E46I,LADDRTLLMAGVSHDLRTPLTRIRLATEMMSEQDGYLAESINKDIIECNAIIEQFIDYLR,3.810729496567114,1
E46K,LADDRTLLMAGVSHDLRTPLTRIRLATEMMSEQDGYLAESINKDIKECNAIIEQFIDYLR,3.8347496828771295,1
E46L,LADDRTLLMAGVSHDLRTPLTRIRLATEMMSEQDGYLAESINKDILECNAIIEQFIDYLR,3.766430101375011,1
E46M,LADDRTLLMAGVSHDLRTPLTRIRLATEMMSEQDGYLAESINKDIMECNAIIEQFIDYLR,3.681418387243194,1
E46N,LADDRTLLMAGVSHDLRTPLTRIRLATEMMSEQDGYLAESINKDINECNAIIEQFIDYLR,3.933238913263681,1
E46P,LADDRTLLMAGVSHDLRTPLTRIRLATEMMSEQDGYLAESINKDIPECNAIIEQFIDYLR,0.8000001055822807,0
E46Q,LADDRTLLMAGVSHDLRTPLTRIRLATEMMSEQDGYLAESINKDIQECNAIIEQFIDYLR,3.756985220490532,1
E46R,LADDRTLLMAGVSHDLRTPLTRIRLATEMMSEQDGYLAESINKDIRECNAIIEQFIDYLR,3.900161424629209,1
E46S,LADDRTLLMAGVSHDLRTPLTRIRLATEMMSEQDGYLAESINKDISECNAIIEQFIDYLR,3.804308163268181,1
E46T,LADDRTLLMAGVSHDLRTPLTRIRLATEMMSEQDGYLAESINKDITECNAIIEQFIDYLR,3.8529017734882784,1
E46V,LADDRTLLMAGVSHDLRTPLTRIRLATEMMSEQDGYLAESINKDIVECNAIIEQFIDYLR,3.6753790063070735,1
E46W,LADDRTLLMAGVSHDLRTPLTRIRLATEMMSEQDGYLAESINKDIWECNAIIEQFIDYLR,1.2017368843917628,0
E46Y,LADDRTLLMAGVSHDLRTPLTRIRLATEMMSEQDGYLAESINKDIYECNAIIEQFIDYLR,3.1063280603559407,0
E47A,LADDRTLLMAGVSHDLRTPLTRIRLATEMMSEQDGYLAESINKDIEACNAIIEQFIDYLR,3.92720981617791,1
E47C,LADDRTLLMAGVSHDLRTPLTRIRLATEMMSEQDGYLAESINKDIECCNAIIEQFIDYLR,3.8236133059257686,1
E47D,LADDRTLLMAGVSHDLRTPLTRIRLATEMMSEQDGYLAESINKDIEDCNAIIEQFIDYLR,3.135446296944038,0
E47F,LADDRTLLMAGVSHDLRTPLTRIRLATEMMSEQDGYLAESINKDIEFCNAIIEQFIDYLR,3.891469545081702,1
E47G,LADDRTLLMAGVSHDLRTPLTRIRLATEMMSEQDGYLAESINKDIEGCNAIIEQFIDYLR,0.8000001412484833,0
E47H,LADDRTLLMAGVSHDLRTPLTRIRLATEMMSEQDGYLAESINKDIEHCNAIIEQFIDYLR,3.878824060535822,1
E47I,LADDRTLLMAGVSHDLRTPLTRIRLATEMMSEQDGYLAESINKDIEICNAIIEQFIDYLR,3.783928221967936,1
E47K,LADDRTLLMAGVSHDLRTPLTRIRLATEMMSEQDGYLAESINKDIEKCNAIIEQFIDYLR,3.814939369449592,1
E47L,LADDRTLLMAGVSHDLRTPLTRIRLATEMMSEQDGYLAESINKDIELCNAIIEQFIDYLR,3.8841705906082606,1
E47M,LADDRTLLMAGVSHDLRTPLTRIRLATEMMSEQDGYLAESINKDIEMCNAIIEQFIDYLR,3.7513315131723552,1
E47N,LADDRTLLMAGVSHDLRTPLTRIRLATEMMSEQDGYLAESINKDIENCNAIIEQFIDYLR,3.9978336027577854,1
E47P,LADDRTLLMAGVSHDLRTPLTRIRLATEMMSEQDGYLAESINKDIEPCNAIIEQFIDYLR,1.1199524442926874,0
E47Q,LADDRTLLMAGVSHDLRTPLTRIRLATEMMSEQDGYLAESINKDIEQCNAIIEQFIDYLR,3.885771211924004,1
E47R,LADDRTLLMAGVSHDLRTPLTRIRLATEMMSEQDGYLAESINKDIERCNAIIEQFIDYLR,3.8668139633574414,1
E47S,LADDRTLLMAGVSHDLRTPLTRIRLATEMMSEQDGYLAESINKDIESCNAIIEQFIDYLR,3.7239471924468215,1
E47T,LADDRTLLMAGVSHDLRTPLTRIRLATEMMSEQDGYLAESINKDIETCNAIIEQFIDYLR,3.922417699780609,1
E47V,LADDRTLLMAGVSHDLRTPLTRIRLATEMMSEQDGYLAESINKDIEVCNAIIEQFIDYLR,3.929535291021258,1
E47W,LADDRTLLMAGVSHDLRTPLTRIRLATEMMSEQDGYLAESINKDIEWCNAIIEQFIDYLR,3.754701649657128,1
E47Y,LADDRTLLMAGVSHDLRTPLTRIRLATEMMSEQDGYLAESINKDIEYCNAIIEQFIDYLR,3.828248558356399,1
E53A,LADDRTLLMAGVSHDLRTPLTRIRLATEMMSEQDGYLAESINKDIEECNAIIAQFIDYLR,3.655485897974204,1
E53C,LADDRTLLMAGVSHDLRTPLTRIRLATEMMSEQDGYLAESINKDIEECNAIICQFIDYLR,3.888213415155939,1
E53D,LADDRTLLMAGVSHDLRTPLTRIRLATEMMSEQDGYLAESINKDIEECNAIIDQFIDYLR,3.7156690732068576,1
E53F,LADDRTLLMAGVSHDLRTPLTRIRLATEMMSEQDGYLAESINKDIEECNAIIFQFIDYLR,3.8991709885468215,1
E53G,LADDRTLLMAGVSHDLRTPLTRIRLATEMMSEQDGYLAESINKDIEECNAIIGQFIDYLR,3.3447033109063087,0
E53H,LADDRTLLMAGVSHDLRTPLTRIRLATEMMSEQDGYLAESINKDIEECNAIIHQFIDYLR,3.861641805161828,1
E53K,LADDRTLLMAGVSHDLRTPLTRIRLATEMMSEQDGYLAESINKDIEECNAIIKQFIDYLR,3.760523312319824,1
E53L,LADDRTLLMAGVSHDLRTPLTRIRLATEMMSEQDGYLAESINKDIEECNAIILQFIDYLR,3.881253535061656,1
E53M,LADDRTLLMAGVSHDLRTPLTRIRLATEMMSEQDGYLAESINKDIEECNAIIMQFIDYLR,3.809968104769439,1
E53P,LADDRTLLMAGVSHDLRTPLTRIRLATEMMSEQDGYLAESINKDIEECNAIIPQFIDYLR,3.0986821025241165,0
E53Q,LADDRTLLMAGVSHDLRTPLTRIRLATEMMSEQDGYLAESINKDIEECNAIIQQFIDYLR,3.4632625301039712,0
E53R,LADDRTLLMAGVSHDLRTPLTRIRLATEMMSEQDGYLAESINKDIEECNAIIRQFIDYLR,3.167223050807186,0
E53S,LADDRTLLMAGVSHDLRTPLTRIRLATEMMSEQDGYLAESINKDIEECNAIISQFIDYLR,3.798484978969016,1
E53T,LADDRTLLMAGVSHDLRTPLTRIRLATEMMSEQDGYLAESINKDIEECNAIITQFIDYLR,3.883457867249688,1
E53V,LADDRTLLMAGVSHDLRTPLTRIRLATEMMSEQDGYLAESINKDIEECNAIIVQFIDYLR,3.898849933016508,1
E53W,LADDRTLLMAGVSHDLRTPLTRIRLATEMMSEQDGYLAESINKDIEECNAIIWQFIDYLR,4.0227830437476975,1
E53Y,LADDRTLLMAGVSHDLRTPLTRIRLATEMMSEQDGYLAESINKDIEECNAIIYQFIDYLR,3.951364496222062,1
F55A,LADDRTLLMAGVSHDLRTPLTRIRLATEMMSEQDGYLAESINKDIEECNAIIEQAIDYLR,2.317877983499139,0
F55C,LADDRTLLMAGVSHDLRTPLTRIRLATEMMSEQDGYLAESINKDIEECNAIIEQCIDYLR,3.896245342232069,1
F55D,LADDRTLLMAGVSHDLRTPLTRIRLATEMMSEQDGYLAESINKDIEECNAIIEQDIDYLR,3.8320994487426585,1
F55E,LADDRTLLMAGVSHDLRTPLTRIRLATEMMSEQDGYLAESINKDIEECNAIIEQEIDYLR,2.17454252267628,0
F55G,LADDRTLLMAGVSHDLRTPLTRIRLATEMMSEQDGYLAESINKDIEECNAIIEQGIDYLR,3.8742109183738886,1
F55H,LADDRTLLMAGVSHDLRTPLTRIRLATEMMSEQDGYLAESINKDIEECNAIIEQHIDYLR,3.9073419765348727,1
F55I,LADDRTLLMAGVSHDLRTPLTRIRLATEMMSEQDGYLAESINKDIEECNAIIEQIIDYLR,3.8861539117282446,1
F55K,LADDRTLLMAGVSHDLRTPLTRIRLATEMMSEQDGYLAESINKDIEECNAIIEQKIDYLR,3.8668515101676153,1
F55L,LADDRTLLMAGVSHDLRTPLTRIRLATEMMSEQDGYLAESINKDIEECNAIIEQLIDYLR,3.871686448581905,1
F55M,LADDRTLLMAGVSHDLRTPLTRIRLATEMMSEQDGYLAESINKDIEECNAIIEQMIDYLR,3.8944046980276834,1
F55N,LADDRTLLMAGVSHDLRTPLTRIRLATEMMSEQDGYLAESINKDIEECNAIIEQNIDYLR,3.853032329324247,1
F55P,LADDRTLLMAGVSHDLRTPLTRIRLATEMMSEQDGYLAESINKDIEECNAIIEQPIDYLR,3.864526185196632,1
F55Q,LADDRTLLMAGVSHDLRTPLTRIRLATEMMSEQDGYLAESINKDIEECNAIIEQQIDYLR,2.339859795300144,0
F55R,LADDRTLLMAGVSHDLRTPLTRIRLATEMMSEQDGYLAESINKDIEECNAIIEQRIDYLR,3.8070961204192426,1
F55S,LADDRTLLMAGVSHDLRTPLTRIRLATEMMSEQDGYLAESINKDIEECNAIIEQSIDYLR,3.824840471279596,1
F55T,LADDRTLLMAGVSHDLRTPLTRIRLATEMMSEQDGYLAESINKDIEECNAIIEQTIDYLR,3.791271131466364,1
F55V,LADDRTLLMAGVSHDLRTPLTRIRLATEMMSEQDGYLAESINKDIEECNAIIEQVIDYLR,3.8623080692765575,1
F55W,LADDRTLLMAGVSHDLRTPLTRIRLATEMMSEQDGYLAESINKDIEECNAIIEQWIDYLR,0.8000000019534697,0
F55Y,LADDRTLLMAGVSHDLRTPLTRIRLATEMMSEQDGYLAESINKDIEECNAIIEQYIDYLR,3.5684022232262897,1
G11A,LADDRTLLMAAVSHDLRTPLTRIRLATEMMSEQDGYLAESINKDIEECNAIIEQFIDYLR,2.9163203895206533,0
G11C,LADDRTLLMACVSHDLRTPLTRIRLATEMMSEQDGYLAESINKDIEECNAIIEQFIDYLR,3.9204592361938433,1
G11D,LADDRTLLMADVSHDLRTPLTRIRLATEMMSEQDGYLAESINKDIEECNAIIEQFIDYLR,3.8977855143566447,1
G11E,LADDRTLLMAEVSHDLRTPLTRIRLATEMMSEQDGYLAESINKDIEECNAIIEQFIDYLR,3.800939001756176,1
G11F,LADDRTLLMAFVSHDLRTPLTRIRLATEMMSEQDGYLAESINKDIEECNAIIEQFIDYLR,3.749498222495488,1
G11H,LADDRTLLMAHVSHDLRTPLTRIRLATEMMSEQDGYLAESINKDIEECNAIIEQFIDYLR,3.95079267013444,1
G11I,LADDRTLLMAIVSHDLRTPLTRIRLATEMMSEQDGYLAESINKDIEECNAIIEQFIDYLR,3.816162939508733,1
G11K,LADDRTLLMAKVSHDLRTPLTRIRLATEMMSEQDGYLAESINKDIEECNAIIEQFIDYLR,3.9626188414481742,1
G11L,LADDRTLLMALVSHDLRTPLTRIRLATEMMSEQDGYLAESINKDIEECNAIIEQFIDYLR,3.7957481440871312,1
G11M,LADDRTLLMAMVSHDLRTPLTRIRLATEMMSEQDGYLAESINKDIEECNAIIEQFIDYLR,3.7319950082286777,1
G11N,LADDRTLLMANVSHDLRTPLTRIRLATEMMSEQDGYLAESINKDIEECNAIIEQFIDYLR,3.9331630712954,1
G11P,LADDRTLLMAPVSHDLRTPLTRIRLATEMMSEQDGYLAESINKDIEECNAIIEQFIDYLR,3.183492036528303,0
G11Q,LADDRTLLMAQVSHDLRTPLTRIRLATEMMSEQDGYLAESINKDIEECNAIIEQFIDYLR,3.884978886037685,1
G11R,LADDRTLLMARVSHDLRTPLTRIRLATEMMSEQDGYLAESINKDIEECNAIIEQFIDYLR,0.8000000000000002,0
G11S,LADDRTLLMASVSHDLRTPLTRIRLATEMMSEQDGYLAESINKDIEECNAIIEQFIDYLR,3.89921844152466,1
G11T,LADDRTLLMATVSHDLRTPLTRIRLATEMMSEQDGYLAESINKDIEECNAIIEQFIDYLR,3.875558516568708,1
G11V,LADDRTLLMAVVSHDLRTPLTRIRLATEMMSEQDGYLAESINKDIEECNAIIEQFIDYLR,3.9170684554932937,1
G11W,LADDRTLLMAWVSHDLRTPLTRIRLATEMMSEQDGYLAESINKDIEECNAIIEQFIDYLR,2.670282259125667,0
G11Y,LADDRTLLMAYVSHDLRTPLTRIRLATEMMSEQDGYLAESINKDIEECNAIIEQFIDYLR,3.865411672035053,1
G35A,LADDRTLLMAGVSHDLRTPLTRIRLATEMMSEQDAYLAESINKDIEECNAIIEQFIDYLR,3.7099329584626894,1
G35C,LADDRTLLMAGVSHDLRTPLTRIRLATEMMSEQDCYLAESINKDIEECNAIIEQFIDYLR,3.722122409780519,1
G35D,LADDRTLLMAGVSHDLRTPLTRIRLATEMMSEQDDYLAESINKDIEECNAIIEQFIDYLR,3.522660053748236,1
G35E,LADDRTLLMAGVSHDLRTPLTRIRLATEMMSEQDEYLAESINKDIEECNAIIEQFIDYLR,3.51072099524755,1
G35F,LADDRTLLMAGVSHDLRTPLTRIRLATEMMSEQDFYLAESINKDIEECNAIIEQFIDYLR,3.601948352293044,1
G35H,LADDRTLLMAGVSHDLRTPLTRIRLATEMMSEQDHYLAESINKDIEECNAIIEQFIDYLR,3.736246249919709,1
G35I,LADDRTLLMAGVSHDLRTPLTRIRLATEMMSEQDIYLAESINKDIEECNAIIEQFIDYLR,3.4400696019372154,0
G35K,LADDRTLLMAGVSHDLRTPLTRIRLATEMMSEQDKYLAESINKDIEECNAIIEQFIDYLR,3.8161765430132872,1
G35L,LADDRTLLMAGVSHDLRTPLTRIRLATEMMSEQDLYLAESINKDIEECNAIIEQFIDYLR,3.65812381380564,1
G35M,LADDRTLLMAGVSHDLRTPLTRIRLATEMMSEQDMYLAESINKDIEECNAIIEQFIDYLR,3.755707434768332,1
G35N,LADDRTLLMAGVSHDLRTPLTRIRLATEMMSEQDNYLAESINKDIEECNAIIEQFIDYLR,3.629880057757185,1
G35P,LADDRTLLMAGVSHDLRTPLTRIRLATEMMSEQDPYLAESINKDIEECNAIIEQFIDYLR,3.1484918361588115,0
G35Q,LADDRTLLMAGVSHDLRTPLTRIRLATEMMSEQDQYLAESINKDIEECNAIIEQFIDYLR,3.693725607586965,1
G35R,LADDRTLLMAGVSHDLRTPLTRIRLATEMMSEQDRYLAESINKDIEECNAIIEQFIDYLR,3.677318699661287,1
G35S,LADDRTLLMAGVSHDLRTPLTRIRLATEMMSEQDSYLAESINKDIEECNAIIEQFIDYLR,3.6377289798139616,1
G35T,LADDRTLLMAGVSHDLRTPLTRIRLATEMMSEQDTYLAESINKDIEECNAIIEQFIDYLR,3.64824629370148,1
G35V,LADDRTLLMAGVSHDLRTPLTRIRLATEMMSEQDVYLAESINKDIEECNAIIEQFIDYLR,3.5615897166881085,1
G35W,LADDRTLLMAGVSHDLRTPLTRIRLATEMMSEQDWYLAESINKDIEECNAIIEQFIDYLR,3.4950033495413537,0
G35Y,LADDRTLLMAGVSHDLRTPLTRIRLATEMMSEQDYYLAESINKDIEECNAIIEQFIDYLR,3.6525198692288585,1
H14A,LADDRTLLMAGVSADLRTPLTRIRLATEMMSEQDGYLAESINKDIEECNAIIEQFIDYLR,0.8000000000000002,0
H14C,LADDRTLLMAGVSCDLRTPLTRIRLATEMMSEQDGYLAESINKDIEECNAIIEQFIDYLR,1.6868085027050952,0
H14D,LADDRTLLMAGVSDDLRTPLTRIRLATEMMSEQDGYLAESINKDIEECNAIIEQFIDYLR,0.8719573919420998,0
H14E,LADDRTLLMAGVSEDLRTPLTRIRLATEMMSEQDGYLAESINKDIEECNAIIEQFIDYLR,1.1070456213888704,0
H14F,LADDRTLLMAGVSFDLRTPLTRIRLATEMMSEQDGYLAESINKDIEECNAIIEQFIDYLR,0.8600460811506757,0
H14G,LADDRTLLMAGVSGDLRTPLTRIRLATEMMSEQDGYLAESINKDIEECNAIIEQFIDYLR,0.8000000000000158,0
H14I,LADDRTLLMAGVSIDLRTPLTRIRLATEMMSEQDGYLAESINKDIEECNAIIEQFIDYLR,0.8569863381283394,0
H14K,LADDRTLLMAGVSKDLRTPLTRIRLATEMMSEQDGYLAESINKDIEECNAIIEQFIDYLR,1.0019934131081558,0
H14L,LADDRTLLMAGVSLDLRTPLTRIRLATEMMSEQDGYLAESINKDIEECNAIIEQFIDYLR,0.8398011856477808,0
H14M,LADDRTLLMAGVSMDLRTPLTRIRLATEMMSEQDGYLAESINKDIEECNAIIEQFIDYLR,0.8135933195345633,0
H14N,LADDRTLLMAGVSNDLRTPLTRIRLATEMMSEQDGYLAESINKDIEECNAIIEQFIDYLR,0.8000000000000046,0
H14P,LADDRTLLMAGVSPDLRTPLTRIRLATEMMSEQDGYLAESINKDIEECNAIIEQFIDYLR,0.9559293417017668,0
H14Q,LADDRTLLMAGVSQDLRTPLTRIRLATEMMSEQDGYLAESINKDIEECNAIIEQFIDYLR,1.4290108365175067,0
H14R,LADDRTLLMAGVSRDLRTPLTRIRLATEMMSEQDGYLAESINKDIEECNAIIEQFIDYLR,0.8000000000000002,0
H14S,LADDRTLLMAGVSSDLRTPLTRIRLATEMMSEQDGYLAESINKDIEECNAIIEQFIDYLR,0.8000000000000002,0
H14T,LADDRTLLMAGVSTDLRTPLTRIRLATEMMSEQDGYLAESINKDIEECNAIIEQFIDYLR,0.8000000000000002,0
H14V,LADDRTLLMAGVSVDLRTPLTRIRLATEMMSEQDGYLAESINKDIEECNAIIEQFIDYLR,0.8141692796311418,0
H14W,LADDRTLLMAGVSWDLRTPLTRIRLATEMMSEQDGYLAESINKDIEECNAIIEQFIDYLR,0.8000000000000002,0
H14Y,LADDRTLLMAGVSYDLRTPLTRIRLATEMMSEQDGYLAESINKDIEECNAIIEQFIDYLR,0.8239302166537115,0
I23A,LADDRTLLMAGVSHDLRTPLTRARLATEMMSEQDGYLAESINKDIEECNAIIEQFIDYLR,1.0851825906986472,0
I23C,LADDRTLLMAGVSHDLRTPLTRCRLATEMMSEQDGYLAESINKDIEECNAIIEQFIDYLR,3.747025391042473,1
I23D,LADDRTLLMAGVSHDLRTPLTRDRLATEMMSEQDGYLAESINKDIEECNAIIEQFIDYLR,0.9585388358725018,0
I23E,LADDRTLLMAGVSHDLRTPLTRERLATEMMSEQDGYLAESINKDIEECNAIIEQFIDYLR,0.8000000000000185,0
I23F,LADDRTLLMAGVSHDLRTPLTRFRLATEMMSEQDGYLAESINKDIEECNAIIEQFIDYLR,1.346566355873415,0
I23G,LADDRTLLMAGVSHDLRTPLTRGRLATEMMSEQDGYLAESINKDIEECNAIIEQFIDYLR,1.0589420321721272,0
I23H,LADDRTLLMAGVSHDLRTPLTRHRLATEMMSEQDGYLAESINKDIEECNAIIEQFIDYLR,0.8000000000000002,0
I23K,LADDRTLLMAGVSHDLRTPLTRKRLATEMMSEQDGYLAESINKDIEECNAIIEQFIDYLR,1.0913321571946564,0
I23L,LADDRTLLMAGVSHDLRTPLTRLRLATEMMSEQDGYLAESINKDIEECNAIIEQFIDYLR,3.318256191557716,0
I23M,LADDRTLLMAGVSHDLRTPLTRMRLATEMMSEQDGYLAESINKDIEECNAIIEQFIDYLR,1.223740296037353,0
I23N,LADDRTLLMAGVSHDLRTPLTRNRLATEMMSEQDGYLAESINKDIEECNAIIEQFIDYLR,0.8000000000000096,0
I23P,LADDRTLLMAGVSHDLRTPLTRPRLATEMMSEQDGYLAESINKDIEECNAIIEQFIDYLR,0.8752334214774217,0
I23Q,LADDRTLLMAGVSHDLRTPLTRQRLATEMMSEQDGYLAESINKDIEECNAIIEQFIDYLR,1.5349141424100676,0
I23R,LADDRTLLMAGVSHDLRTPLTRRRLATEMMSEQDGYLAESINKDIEECNAIIEQFIDYLR,0.8188332551496817,0
I23S,LADDRTLLMAGVSHDLRTPLTRSRLATEMMSEQDGYLAESINKDIEECNAIIEQFIDYLR,0.8000026747246891,0
I23T,LADDRTLLMAGVSHDLRTPLTRTRLATEMMSEQDGYLAESINKDIEECNAIIEQFIDYLR,0.8000000247582167,0
I23V,LADDRTLLMAGVSHDLRTPLTRVRLATEMMSEQDGYLAESINKDIEECNAIIEQFIDYLR,3.9250399349956906,1
I23W,LADDRTLLMAGVSHDLRTPLTRWRLATEMMSEQDGYLAESINKDIEECNAIIEQFIDYLR,1.323986260131062,0
I23Y,LADDRTLLMAGVSHDLRTPLTRYRLATEMMSEQDGYLAESINKDIEECNAIIEQFIDYLR,0.8000006273228554,0
I41A,LADDRTLLMAGVSHDLRTPLTRIRLATEMMSEQDGYLAESANKDIEECNAIIEQFIDYLR,1.2988006882630805,0
I41C,LADDRTLLMAGVSHDLRTPLTRIRLATEMMSEQDGYLAESCNKDIEECNAIIEQFIDYLR,2.2313227605552,0
I41D,LADDRTLLMAGVSHDLRTPLTRIRLATEMMSEQDGYLAESDNKDIEECNAIIEQFIDYLR,1.3878136315259288,0
I41E,LADDRTLLMAGVSHDLRTPLTRIRLATEMMSEQDGYLAESENKDIEECNAIIEQFIDYLR,0.8000000328631109,0
I41F,LADDRTLLMAGVSHDLRTPLTRIRLATEMMSEQDGYLAESFNKDIEECNAIIEQFIDYLR,3.7794441007889854,1
I41G,LADDRTLLMAGVSHDLRTPLTRIRLATEMMSEQDGYLAESGNKDIEECNAIIEQFIDYLR,1.0474254919198858,0
I41H,LADDRTLLMAGVSHDLRTPLTRIRLATEMMSEQDGYLAESHNKDIEECNAIIEQFIDYLR,0.8000000000000002,0
I41K,LADDRTLLMAGVSHDLRTPLTRIRLATEMMSEQDGYLAESKNKDIEECNAIIEQFIDYLR,1.5722070709646443,0
I41L,LADDRTLLMAGVSHDLRTPLTRIRLATEMMSEQDGYLAESLNKDIEECNAIIEQFIDYLR,3.950726916086708,1
I41M,LADDRTLLMAGVSHDLRTPLTRIRLATEMMSEQDGYLAESMNKDIEECNAIIEQFIDYLR,3.9690969178564615,1
I41N,LADDRTLLMAGVSHDLRTPLTRIRLATEMMSEQDGYLAESNNKDIEECNAIIEQFIDYLR,1.0254109434893326,0
I41P,LADDRTLLMAGVSHDLRTPLTRIRLATEMMSEQDGYLAESPNKDIEECNAIIEQFIDYLR,0.8612277228256408,0
I41Q,LADDRTLLMAGVSHDLRTPLTRIRLATEMMSEQDGYLAESQNKDIEECNAIIEQFIDYLR,0.9610826282283216,0
I41R,LADDRTLLMAGVSHDLRTPLTRIRLATEMMSEQDGYLAESRNKDIEECNAIIEQFIDYLR,0.8451096036891715,0
I41S,LADDRTLLMAGVSHDLRTPLTRIRLATEMMSEQDGYLAESSNKDIEECNAIIEQFIDYLR,0.8000000000000002,0
I41T,LADDRTLLMAGVSHDLRTPLTRIRLATEMMSEQDGYLAESTNKDIEECNAIIEQFIDYLR,1.000013511107345,0
I41V,LADDRTLLMAGVSHDLRTPLTRIRLATEMMSEQDGYLAESVNKDIEECNAIIEQFIDYLR,3.5835342003493578,1
I41W,LADDRTLLMAGVSHDLRTPLTRIRLATEMMSEQDGYLAESWNKDIEECNAIIEQFIDYLR,1.6498055478820248,0
I41Y,LADDRTLLMAGVSHDLRTPLTRIRLATEMMSEQDGYLAESYNKDIEECNAIIEQFIDYLR,1.2928913203784556,0
I45A,LADDRTLLMAGVSHDLRTPLTRIRLATEMMSEQDGYLAESINKDAEECNAIIEQFIDYLR,3.9048595656994447,1
I45C,LADDRTLLMAGVSHDLRTPLTRIRLATEMMSEQDGYLAESINKDCEECNAIIEQFIDYLR,3.730102247336824,1
I45D,LADDRTLLMAGVSHDLRTPLTRIRLATEMMSEQDGYLAESINKDDEECNAIIEQFIDYLR,0.9808497500691308,0
I45E,LADDRTLLMAGVSHDLRTPLTRIRLATEMMSEQDGYLAESINKDEEECNAIIEQFIDYLR,2.0741173810961784,0
I45F,LADDRTLLMAGVSHDLRTPLTRIRLATEMMSEQDGYLAESINKDFEECNAIIEQFIDYLR,3.8999842169790018,1
I45G,LADDRTLLMAGVSHDLRTPLTRIRLATEMMSEQDGYLAESINKDGEECNAIIEQFIDYLR,3.1318672782647936,0
I45H,LADDRTLLMAGVSHDLRTPLTRIRLATEMMSEQDGYLAESINKDHEECNAIIEQFIDYLR,3.7840644466063336,1
I45K,LADDRTLLMAGVSHDLRTPLTRIRLATEMMSEQDGYLAESINKDKEECNAIIEQFIDYLR,0.800000002922987,0
I45L,LADDRTLLMAGVSHDLRTPLTRIRLATEMMSEQDGYLAESINKDLEECNAIIEQFIDYLR,3.9115126951094057,1
I45M,LADDRTLLMAGVSHDLRTPLTRIRLATEMMSEQDGYLAESINKDMEECNAIIEQFIDYLR,3.887409309354873,1
I45N,LADDRTLLMAGVSHDLRTPLTRIRLATEMMSEQDGYLAESINKDNEECNAIIEQFIDYLR,2.8509609077668685,0
I45P,LADDRTLLMAGVSHDLRTPLTRIRLATEMMSEQDGYLAESINKDPEECNAIIEQFIDYLR,0.8000000000000002,0
I45Q,LADDRTLLMAGVSHDLRTPLTRIRLATEMMSEQDGYLAESINKDQEECNAIIEQFIDYLR,3.9284126687288055,1
I45R,LADDRTLLMAGVSHDLRTPLTRIRLATEMMSEQDGYLAESINKDREECNAIIEQFIDYLR,2.223220902083233,0
I45S,LADDRTLLMAGVSHDLRTPLTRIRLATEMMSEQDGYLAESINKDSEECNAIIEQFIDYLR,3.95942519118917,1
I45T,LADDRTLLMAGVSHDLRTPLTRIRLATEMMSEQDGYLAESINKDTEECNAIIEQFIDYLR,3.74342985173632,1
I45V,LADDRTLLMAGVSHDLRTPLTRIRLATEMMSEQDGYLAESINKDVEECNAIIEQFIDYLR,1.8183740227792744,0
I45W,LADDRTLLMAGVSHDLRTPLTRIRLATEMMSEQDGYLAESINKDWEECNAIIEQFIDYLR,3.770176978673164,1
I45Y,LADDRTLLMAGVSHDLRTPLTRIRLATEMMSEQDGYLAESINKDYEECNAIIEQFIDYLR,4.0586320655184585,1
I51A,LADDRTLLMAGVSHDLRTPLTRIRLATEMMSEQDGYLAESINKDIEECNAAIEQFIDYLR,1.3024476645115508,0
I51C,LADDRTLLMAGVSHDLRTPLTRIRLATEMMSEQDGYLAESINKDIEECNACIEQFIDYLR,2.301097227379776,0
I51D,LADDRTLLMAGVSHDLRTPLTRIRLATEMMSEQDGYLAESINKDIEECNADIEQFIDYLR,0.8000012633578771,0
I51E,LADDRTLLMAGVSHDLRTPLTRIRLATEMMSEQDGYLAESINKDIEECNAEIEQFIDYLR,3.887945901817552,1
I51F,LADDRTLLMAGVSHDLRTPLTRIRLATEMMSEQDGYLAESINKDIEECNAFIEQFIDYLR,3.870127323779455,1
I51G,LADDRTLLMAGVSHDLRTPLTRIRLATEMMSEQDGYLAESINKDIEECNAGIEQFIDYLR,3.929495884169597,1
I51H,LADDRTLLMAGVSHDLRTPLTRIRLATEMMSEQDGYLAESINKDIEECNAHIEQFIDYLR,3.7996311242116745,1
I51K,LADDRTLLMAGVSHDLRTPLTRIRLATEMMSEQDGYLAESINKDIEECNAKIEQFIDYLR,1.6661364787642097,0
I51L,LADDRTLLMAGVSHDLRTPLTRIRLATEMMSEQDGYLAESINKDIEECNALIEQFIDYLR,3.934572424335912,1
I51M,LADDRTLLMAGVSHDLRTPLTRIRLATEMMSEQDGYLAESINKDIEECNAMIEQFIDYLR,3.7763045591527487,1
I51N,LADDRTLLMAGVSHDLRTPLTRIRLATEMMSEQDGYLAESINKDIEECNANIEQFIDYLR,3.967453980783848,1
I51P,LADDRTLLMAGVSHDLRTPLTRIRLATEMMSEQDGYLAESINKDIEECNAPIEQFIDYLR,0.8000000000000002,0
I51Q,LADDRTLLMAGVSHDLRTPLTRIRLATEMMSEQDGYLAESINKDIEECNAQIEQFIDYLR,3.94557261785321,1
I51R,LADDRTLLMAGVSHDLRTPLTRIRLATEMMSEQDGYLAESINKDIEECNARIEQFIDYLR,0.8000000000000002,0
I51S,LADDRTLLMAGVSHDLRTPLTRIRLATEMMSEQDGYLAESINKDIEECNASIEQFIDYLR,3.8514168532623767,1
I51T,LADDRTLLMAGVSHDLRTPLTRIRLATEMMSEQDGYLAESINKDIEECNATIEQFIDYLR,3.88221265748208,1
I51V,LADDRTLLMAGVSHDLRTPLTRIRLATEMMSEQDGYLAESINKDIEECNAVIEQFIDYLR,2.2001138118437646,0
I51W,LADDRTLLMAGVSHDLRTPLTRIRLATEMMSEQDGYLAESINKDIEECNAWIEQFIDYLR,1.6862255628528295,0
I51Y,LADDRTLLMAGVSHDLRTPLTRIRLATEMMSEQDGYLAESINKDIEECNAYIEQFIDYLR,2.6294856536770808,0
I52A,LADDRTLLMAGVSHDLRTPLTRIRLATEMMSEQDGYLAESINKDIEECNAIAEQFIDYLR,3.954921530980223,1
I52C,LADDRTLLMAGVSHDLRTPLTRIRLATEMMSEQDGYLAESINKDIEECNAICEQFIDYLR,3.53995076759604,1
I52D,LADDRTLLMAGVSHDLRTPLTRIRLATEMMSEQDGYLAESINKDIEECNAIDEQFIDYLR,1.4781097210059035,0
I52E,LADDRTLLMAGVSHDLRTPLTRIRLATEMMSEQDGYLAESINKDIEECNAIEEQFIDYLR,2.376773499177025,0
I52F,LADDRTLLMAGVSHDLRTPLTRIRLATEMMSEQDGYLAESINKDIEECNAIFEQFIDYLR,3.865271907849456,1
I52G,LADDRTLLMAGVSHDLRTPLTRIRLATEMMSEQDGYLAESINKDIEECNAIGEQFIDYLR,3.851089696051426,1
I52H,LADDRTLLMAGVSHDLRTPLTRIRLATEMMSEQDGYLAESINKDIEECNAIHEQFIDYLR,3.8305087121149617,1
I52K,LADDRTLLMAGVSHDLRTPLTRIRLATEMMSEQDGYLAESINKDIEECNAIKEQFIDYLR,1.9366677090279016,0
I52L,LADDRTLLMAGVSHDLRTPLTRIRLATEMMSEQDGYLAESINKDIEECNAILEQFIDYLR,3.881579766445128,1
I52M,LADDRTLLMAGVSHDLRTPLTRIRLATEMMSEQDGYLAESINKDIEECNAIMEQFIDYLR,3.9199403087029774,1
I52N,LADDRTLLMAGVSHDLRTPLTRIRLATEMMSEQDGYLAESINKDIEECNAINEQFIDYLR,3.7138242544220175,1
I52P,LADDRTLLMAGVSHDLRTPLTRIRLATEMMSEQDGYLAESINKDIEECNAIPEQFIDYLR,0.96110381281669,0
I52Q,LADDRTLLMAGVSHDLRTPLTRIRLATEMMSEQDGYLAESINKDIEECNAIQEQFIDYLR,4.177565025486651,1
I52R,LADDRTLLMAGVSHDLRTPLTRIRLATEMMSEQDGYLAESINKDIEECNAIREQFIDYLR,3.795483901478097,1
I52S,LADDRTLLMAGVSHDLRTPLTRIRLATEMMSEQDGYLAESINKDIEECNAISEQFIDYLR,3.7995212440835937,1
I52T,LADDRTLLMAGVSHDLRTPLTRIRLATEMMSEQDGYLAESINKDIEECNAITEQFIDYLR,3.742937581013174,1
I52V,LADDRTLLMAGVSHDLRTPLTRIRLATEMMSEQDGYLAESINKDIEECNAIVEQFIDYLR,3.786714552070837,1
I52W,LADDRTLLMAGVSHDLRTPLTRIRLATEMMSEQDGYLAESINKDIEECNAIWEQFIDYLR,3.929056248113735,1
I52Y,LADDRTLLMAGVSHDLRTPLTRIRLATEMMSEQDGYLAESINKDIEECNAIYEQFIDYLR,1.2553548891329012,0
I56A,LADDRTLLMAGVSHDLRTPLTRIRLATEMMSEQDGYLAESINKDIEECNAIIEQFADYLR,1.8844705363474483,0
I56C,LADDRTLLMAGVSHDLRTPLTRIRLATEMMSEQDGYLAESINKDIEECNAIIEQFCDYLR,0.8000000417043743,0
I56E,LADDRTLLMAGVSHDLRTPLTRIRLATEMMSEQDGYLAESINKDIEECNAIIEQFEDYLR,3.8559759392543023,1
I56F,LADDRTLLMAGVSHDLRTPLTRIRLATEMMSEQDGYLAESINKDIEECNAIIEQFFDYLR,3.828794262389156,1
I56G,LADDRTLLMAGVSHDLRTPLTRIRLATEMMSEQDGYLAESINKDIEECNAIIEQFGDYLR,0.8000000000000002,0
I56H,LADDRTLLMAGVSHDLRTPLTRIRLATEMMSEQDGYLAESINKDIEECNAIIEQFHDYLR,3.884248964898569,1
I56K,LADDRTLLMAGVSHDLRTPLTRIRLATEMMSEQDGYLAESINKDIEECNAIIEQFKDYLR,1.95858698550556,0
I56L,LADDRTLLMAGVSHDLRTPLTRIRLATEMMSEQDGYLAESINKDIEECNAIIEQFLDYLR,3.1285224547041297,0
I56M,LADDRTLLMAGVSHDLRTPLTRIRLATEMMSEQDGYLAESINKDIEECNAIIEQFMDYLR,2.3863434733426256,0
I56N,LADDRTLLMAGVSHDLRTPLTRIRLATEMMSEQDGYLAESINKDIEECNAIIEQFNDYLR,3.636684066412279,1
I56P,LADDRTLLMAGVSHDLRTPLTRIRLATEMMSEQDGYLAESINKDIEECNAIIEQFPDYLR,0.8000000000617071,0
I56Q,LADDRTLLMAGVSHDLRTPLTRIRLATEMMSEQDGYLAESINKDIEECNAIIEQFQDYLR,2.5679836949140418,0
I56R,LADDRTLLMAGVSHDLRTPLTRIRLATEMMSEQDGYLAESINKDIEECNAIIEQFRDYLR,1.0322673573877228,0
I56S,LADDRTLLMAGVSHDLRTPLTRIRLATEMMSEQDGYLAESINKDIEECNAIIEQFSDYLR,3.020418525971989,0
I56T,LADDRTLLMAGVSHDLRTPLTRIRLATEMMSEQDGYLAESINKDIEECNAIIEQFTDYLR,3.9129801887787625,1
I56V,LADDRTLLMAGVSHDLRTPLTRIRLATEMMSEQDGYLAESINKDIEECNAIIEQFVDYLR,1.789340118028585,0
I56W,LADDRTLLMAGVSHDLRTPLTRIRLATEMMSEQDGYLAESINKDIEECNAIIEQFWDYLR,3.822415491497062,1
I56Y,LADDRTLLMAGVSHDLRTPLTRIRLATEMMSEQDGYLAESINKDIEECNAIIEQFYDYLR,3.876606347668896,1
K43A,LADDRTLLMAGVSHDLRTPLTRIRLATEMMSEQDGYLAESINADIEECNAIIEQFIDYLR,3.027230590776424,0
K43C,LADDRTLLMAGVSHDLRTPLTRIRLATEMMSEQDGYLAESINCDIEECNAIIEQFIDYLR,2.6056357674981268,0
K43D,LADDRTLLMAGVSHDLRTPLTRIRLATEMMSEQDGYLAESINDDIEECNAIIEQFIDYLR,3.2127842824831725,0
K43E,LADDRTLLMAGVSHDLRTPLTRIRLATEMMSEQDGYLAESINEDIEECNAIIEQFIDYLR,0.8000000016784687,0
K43F,LADDRTLLMAGVSHDLRTPLTRIRLATEMMSEQDGYLAESINFDIEECNAIIEQFIDYLR,1.969486106700426,0
K43G,LADDRTLLMAGVSHDLRTPLTRIRLATEMMSEQDGYLAESINGDIEECNAIIEQFIDYLR,3.8687303043681385,1
K43H,LADDRTLLMAGVSHDLRTPLTRIRLATEMMSEQDGYLAESINHDIEECNAIIEQFIDYLR,3.122680130047361,0
K43I,LADDRTLLMAGVSHDLRTPLTRIRLATEMMSEQDGYLAESINIDIEECNAIIEQFIDYLR,1.3572199572820371,0
K43L,LADDRTLLMAGVSHDLRTPLTRIRLATEMMSEQDGYLAESINLDIEECNAIIEQFIDYLR,0.8000001077910163,0
K43M,LADDRTLLMAGVSHDLRTPLTRIRLATEMMSEQDGYLAESINMDIEECNAIIEQFIDYLR,0.9221535221115194,0
K43N,LADDRTLLMAGVSHDLRTPLTRIRLATEMMSEQDGYLAESINNDIEECNAIIEQFIDYLR,3.915183305568157,1
K43P,LADDRTLLMAGVSHDLRTPLTRIRLATEMMSEQDGYLAESINPDIEECNAIIEQFIDYLR,1.0382353094794647,0
K43Q,LADDRTLLMAGVSHDLRTPLTRIRLATEMMSEQDGYLAESINQDIEECNAIIEQFIDYLR,0.8000000000695207,0
K43R,LADDRTLLMAGVSHDLRTPLTRIRLATEMMSEQDGYLAESINRDIEECNAIIEQFIDYLR,3.9565827147613057,1
K43S,LADDRTLLMAGVSHDLRTPLTRIRLATEMMSEQDGYLAESINSDIEECNAIIEQFIDYLR,3.5671652700844096,1
K43T,LADDRTLLMAGVSHDLRTPLTRIRLATEMMSEQDGYLAESINTDIEECNAIIEQFIDYLR,0.8000000324019694,0
K43V,LADDRTLLMAGVSHDLRTPLTRIRLATEMMSEQDGYLAESINVDIEECNAIIEQFIDYLR,1.4564286550609922,0
K43W,LADDRTLLMAGVSHDLRTPLTRIRLATEMMSEQDGYLAESINWDIEECNAIIEQFIDYLR,1.5475564237900044,0
K43Y,LADDRTLLMAGVSHDLRTPLTRIRLATEMMSEQDGYLAESINYDIEECNAIIEQFIDYLR,2.3632002212408683,0
L16A,LADDRTLLMAGVSHDARTPLTRIRLATEMMSEQDGYLAESINKDIEECNAIIEQFIDYLR,3.906462413834142,1
L16C,LADDRTLLMAGVSHDCRTPLTRIRLATEMMSEQDGYLAESINKDIEECNAIIEQFIDYLR,3.896001083810965,1
L16D,LADDRTLLMAGVSHDDRTPLTRIRLATEMMSEQDGYLAESINKDIEECNAIIEQFIDYLR,1.016920484265253,0
L16E,LADDRTLLMAGVSHDERTPLTRIRLATEMMSEQDGYLAESINKDIEECNAIIEQFIDYLR,0.8000001335562621,0
L16F,LADDRTLLMAGVSHDFRTPLTRIRLATEMMSEQDGYLAESINKDIEECNAIIEQFIDYLR,1.2894981526112614,0
L16G,LADDRTLLMAGVSHDGRTPLTRIRLATEMMSEQDGYLAESINKDIEECNAIIEQFIDYLR,1.0935201463697015,0
L16H,LADDRTLLMAGVSHDHRTPLTRIRLATEMMSEQDGYLAESINKDIEECNAIIEQFIDYLR,1.975811944661862,0
L16I,LADDRTLLMAGVSHDIRTPLTRIRLATEMMSEQDGYLAESINKDIEECNAIIEQFIDYLR,3.952420507847207,1
L16K,LADDRTLLMAGVSHDKRTPLTRIRLATEMMSEQDGYLAESINKDIEECNAIIEQFIDYLR,0.8000000000000002,0
L16M,LADDRTLLMAGVSHDMRTPLTRIRLATEMMSEQDGYLAESINKDIEECNAIIEQFIDYLR,3.9360102942141904,1
L16N,LADDRTLLMAGVSHDNRTPLTRIRLATEMMSEQDGYLAESINKDIEECNAIIEQFIDYLR,1.1659798136418196,0
L16P,LADDRTLLMAGVSHDPRTPLTRIRLATEMMSEQDGYLAESINKDIEECNAIIEQFIDYLR,0.8255753824197822,0
L16Q,LADDRTLLMAGVSHDQRTPLTRIRLATEMMSEQDGYLAESINKDIEECNAIIEQFIDYLR,3.288310373509478,0
L16R,LADDRTLLMAGVSHDRRTPLTRIRLATEMMSEQDGYLAESINKDIEECNAIIEQFIDYLR,0.913563015133068,0
L16S,LADDRTLLMAGVSHDSRTPLTRIRLATEMMSEQDGYLAESINKDIEECNAIIEQFIDYLR,3.849933680731033,1
L16T,LADDRTLLMAGVSHDTRTPLTRIRLATEMMSEQDGYLAESINKDIEECNAIIEQFIDYLR,3.906165417860661,1
L16V,LADDRTLLMAGVSHDVRTPLTRIRLATEMMSEQDGYLAESINKDIEECNAIIEQFIDYLR,3.694862615511621,1
L16W,LADDRTLLMAGVSHDWRTPLTRIRLATEMMSEQDGYLAESINKDIEECNAIIEQFIDYLR,3.840991062430238,1
L16Y,LADDRTLLMAGVSHDYRTPLTRIRLATEMMSEQDGYLAESINKDIEECNAIIEQFIDYLR,3.945539842007232,1
L1A,AADDRTLLMAGVSHDLRTPLTRIRLATEMMSEQDGYLAESINKDIEECNAIIEQFIDYLR,3.892909646991765,1
L1C,CADDRTLLMAGVSHDLRTPLTRIRLATEMMSEQDGYLAESINKDIEECNAIIEQFIDYLR,3.93233104170494,1
L1D,DADDRTLLMAGVSHDLRTPLTRIRLATEMMSEQDGYLAESINKDIEECNAIIEQFIDYLR,3.89402294476613,1
L1E,EADDRTLLMAGVSHDLRTPLTRIRLATEMMSEQDGYLAESINKDIEECNAIIEQFIDYLR,3.906843831898197,1
L1F,FADDRTLLMAGVSHDLRTPLTRIRLATEMMSEQDGYLAESINKDIEECNAIIEQFIDYLR,3.906263622384925,1
L1G,GADDRTLLMAGVSHDLRTPLTRIRLATEMMSEQDGYLAESINKDIEECNAIIEQFIDYLR,3.848098659693511,1
L1H,HADDRTLLMAGVSHDLRTPLTRIRLATEMMSEQDGYLAESINKDIEECNAIIEQFIDYLR,3.903890792096124,1
L1I,IADDRTLLMAGVSHDLRTPLTRIRLATEMMSEQDGYLAESINKDIEECNAIIEQFIDYLR,0.8000000000000004,0
L1K,KADDRTLLMAGVSHDLRTPLTRIRLATEMMSEQDGYLAESINKDIEECNAIIEQFIDYLR,3.6390943810624905,1
L1M,MADDRTLLMAGVSHDLRTPLTRIRLATEMMSEQDGYLAESINKDIEECNAIIEQFIDYLR,3.891733018282317,1
L1N,NADDRTLLMAGVSHDLRTPLTRIRLATEMMSEQDGYLAESINKDIEECNAIIEQFIDYLR,3.8968342793919897,1
L1P,PADDRTLLMAGVSHDLRTPLTRIRLATEMMSEQDGYLAESINKDIEECNAIIEQFIDYLR,3.90495855534549,1
L1Q,QADDRTLLMAGVSHDLRTPLTRIRLATEMMSEQDGYLAESINKDIEECNAIIEQFIDYLR,3.8516691698826055,1
L1R,RADDRTLLMAGVSHDLRTPLTRIRLATEMMSEQDGYLAESINKDIEECNAIIEQFIDYLR,3.883518126362758,1
L1S,SADDRTLLMAGVSHDLRTPLTRIRLATEMMSEQDGYLAESINKDIEECNAIIEQFIDYLR,3.867812990332054,1
L1T,TADDRTLLMAGVSHDLRTPLTRIRLATEMMSEQDGYLAESINKDIEECNAIIEQFIDYLR,3.910288937811805,1
L1V,VADDRTLLMAGVSHDLRTPLTRIRLATEMMSEQDGYLAESINKDIEECNAIIEQFIDYLR,3.8770964864370696,1
L1W,WADDRTLLMAGVSHDLRTPLTRIRLATEMMSEQDGYLAESINKDIEECNAIIEQFIDYLR,3.872019918282124,1
L1Y,YADDRTLLMAGVSHDLRTPLTRIRLATEMMSEQDGYLAESINKDIEECNAIIEQFIDYLR,3.870797826827333,1
L20A,LADDRTLLMAGVSHDLRTPATRIRLATEMMSEQDGYLAESINKDIEECNAIIEQFIDYLR,2.5043434388615484,0
L20C,LADDRTLLMAGVSHDLRTPCTRIRLATEMMSEQDGYLAESINKDIEECNAIIEQFIDYLR,3.7382496916443215,1
L20D,LADDRTLLMAGVSHDLRTPDTRIRLATEMMSEQDGYLAESINKDIEECNAIIEQFIDYLR,1.4776366699201655,0
L20E,LADDRTLLMAGVSHDLRTPETRIRLATEMMSEQDGYLAESINKDIEECNAIIEQFIDYLR,1.4669614659049677,0
L20F,LADDRTLLMAGVSHDLRTPFTRIRLATEMMSEQDGYLAESINKDIEECNAIIEQFIDYLR,3.6806159635895614,1
L20G,LADDRTLLMAGVSHDLRTPGTRIRLATEMMSEQDGYLAESINKDIEECNAIIEQFIDYLR,0.9660011560366584,0
L20H,LADDRTLLMAGVSHDLRTPHTRIRLATEMMSEQDGYLAESINKDIEECNAIIEQFIDYLR,3.798539058731956,1
L20I,LADDRTLLMAGVSHDLRTPITRIRLATEMMSEQDGYLAESINKDIEECNAIIEQFIDYLR,3.915006317710153,1
L20K,LADDRTLLMAGVSHDLRTPKTRIRLATEMMSEQDGYLAESINKDIEECNAIIEQFIDYLR,0.8000028767158188,0
L20M,LADDRTLLMAGVSHDLRTPMTRIRLATEMMSEQDGYLAESINKDIEECNAIIEQFIDYLR,3.7623487599231207,1
L20N,LADDRTLLMAGVSHDLRTPNTRIRLATEMMSEQDGYLAESINKDIEECNAIIEQFIDYLR,1.441370842408148,0
L20P,LADDRTLLMAGVSHDLRTPPTRIRLATEMMSEQDGYLAESINKDIEECNAIIEQFIDYLR,0.9965622409836752,0
L20Q,LADDRTLLMAGVSHDLRTPQTRIRLATEMMSEQDGYLAESINKDIEECNAIIEQFIDYLR,3.4568264154535133,0
L20R,LADDRTLLMAGVSHDLRTPRTRIRLATEMMSEQDGYLAESINKDIEECNAIIEQFIDYLR,0.8000005916812918,0
L20S,LADDRTLLMAGVSHDLRTPSTRIRLATEMMSEQDGYLAESINKDIEECNAIIEQFIDYLR,1.1607472893584876,0
L20T,LADDRTLLMAGVSHDLRTPTTRIRLATEMMSEQDGYLAESINKDIEECNAIIEQFIDYLR,3.787652551190871,1
L20V,LADDRTLLMAGVSHDLRTPVTRIRLATEMMSEQDGYLAESINKDIEECNAIIEQFIDYLR,3.906554136623144,1
L20W,LADDRTLLMAGVSHDLRTPWTRIRLATEMMSEQDGYLAESINKDIEECNAIIEQFIDYLR,3.940935634518348,1
L20Y,LADDRTLLMAGVSHDLRTPYTRIRLATEMMSEQDGYLAESINKDIEECNAIIEQFIDYLR,3.930043048223359,1
L25A,LADDRTLLMAGVSHDLRTPLTRIRAATEMMSEQDGYLAESINKDIEECNAIIEQFIDYLR,3.822602536500568,1
L25C,LADDRTLLMAGVSHDLRTPLTRIRCATEMMSEQDGYLAESINKDIEECNAIIEQFIDYLR,4.136102758242084,1
L25D,LADDRTLLMAGVSHDLRTPLTRIRDATEMMSEQDGYLAESINKDIEECNAIIEQFIDYLR,1.6315226182611158,0
L25E,LADDRTLLMAGVSHDLRTPLTRIREATEMMSEQDGYLAESINKDIEECNAIIEQFIDYLR,2.3107609064250645,0
L25F,LADDRTLLMAGVSHDLRTPLTRIRFATEMMSEQDGYLAESINKDIEECNAIIEQFIDYLR,3.9949973137133368,1
L25G,LADDRTLLMAGVSHDLRTPLTRIRGATEMMSEQDGYLAESINKDIEECNAIIEQFIDYLR,3.789267781973032,1
L25H,LADDRTLLMAGVSHDLRTPLTRIRHATEMMSEQDGYLAESINKDIEECNAIIEQFIDYLR,3.869422670818601,1
L25I,LADDRTLLMAGVSHDLRTPLTRIRIATEMMSEQDGYLAESINKDIEECNAIIEQFIDYLR,3.230375730662828,0
L25K,LADDRTLLMAGVSHDLRTPLTRIRKATEMMSEQDGYLAESINKDIEECNAIIEQFIDYLR,1.780740663379516,0
L25M,LADDRTLLMAGVSHDLRTPLTRIRMATEMMSEQDGYLAESINKDIEECNAIIEQFIDYLR,3.816274593206941,1
L25N,LADDRTLLMAGVSHDLRTPLTRIRNATEMMSEQDGYLAESINKDIEECNAIIEQFIDYLR,3.8818210369253903,1
L25P,LADDRTLLMAGVSHDLRTPLTRIRPATEMMSEQDGYLAESINKDIEECNAIIEQFIDYLR,1.0360123062446625,0
L25Q,LADDRTLLMAGVSHDLRTPLTRIRQATEMMSEQDGYLAESINKDIEECNAIIEQFIDYLR,3.726265315361129,1
L25R,LADDRTLLMAGVSHDLRTPLTRIRRATEMMSEQDGYLAESINKDIEECNAIIEQFIDYLR,0.8789233223465864,0
L25S,LADDRTLLMAGVSHDLRTPLTRIRSATEMMSEQDGYLAESINKDIEECNAIIEQFIDYLR,3.831269508646233,1
L25T,LADDRTLLMAGVSHDLRTPLTRIRTATEMMSEQDGYLAESINKDIEECNAIIEQFIDYLR,3.811908063703684,1
L25V,LADDRTLLMAGVSHDLRTPLTRIRVATEMMSEQDGYLAESINKDIEECNAIIEQFIDYLR,3.831616936372192,1
L25W,LADDRTLLMAGVSHDLRTPLTRIRWATEMMSEQDGYLAESINKDIEECNAIIEQFIDYLR,3.898364874548244,1
L37A,LADDRTLLMAGVSHDLRTPLTRIRLATEMMSEQDGYAAESINKDIEECNAIIEQFIDYLR,3.8879525308640535,1
L37C,LADDRTLLMAGVSHDLRTPLTRIRLATEMMSEQDGYCAESINKDIEECNAIIEQFIDYLR,3.776842263285799,1
L37D,LADDRTLLMAGVSHDLRTPLTRIRLATEMMSEQDGYDAESINKDIEECNAIIEQFIDYLR,3.8807000635020814,1
L37E,LADDRTLLMAGVSHDLRTPLTRIRLATEMMSEQDGYEAESINKDIEECNAIIEQFIDYLR,3.7352041623964016,1
L37F,LADDRTLLMAGVSHDLRTPLTRIRLATEMMSEQDGYFAESINKDIEECNAIIEQFIDYLR,1.6578334896093887,0
L37G,LADDRTLLMAGVSHDLRTPLTRIRLATEMMSEQDGYGAESINKDIEECNAIIEQFIDYLR,3.811591690829762,1
L37H,LADDRTLLMAGVSHDLRTPLTRIRLATEMMSEQDGYHAESINKDIEECNAIIEQFIDYLR,3.948302643443695,1
L37I,LADDRTLLMAGVSHDLRTPLTRIRLATEMMSEQDGYIAESINKDIEECNAIIEQFIDYLR,4.088016527989149,1
L37K,LADDRTLLMAGVSHDLRTPLTRIRLATEMMSEQDGYKAESINKDIEECNAIIEQFIDYLR,3.871942487417917,1
L37M,LADDRTLLMAGVSHDLRTPLTRIRLATEMMSEQDGYMAESINKDIEECNAIIEQFIDYLR,3.355275387745811,0
L37N,LADDRTLLMAGVSHDLRTPLTRIRLATEMMSEQDGYNAESINKDIEECNAIIEQFIDYLR,3.927386499253388,1
L37P,LADDRTLLMAGVSHDLRTPLTRIRLATEMMSEQDGYPAESINKDIEECNAIIEQFIDYLR,3.833106881604627,1
L37Q,LADDRTLLMAGVSHDLRTPLTRIRLATEMMSEQDGYQAESINKDIEECNAIIEQFIDYLR,3.8596693192446088,1
L37R,LADDRTLLMAGVSHDLRTPLTRIRLATEMMSEQDGYRAESINKDIEECNAIIEQFIDYLR,3.832541652948229,1
L37S,LADDRTLLMAGVSHDLRTPLTRIRLATEMMSEQDGYSAESINKDIEECNAIIEQFIDYLR,3.927215154907068,1
L37T,LADDRTLLMAGVSHDLRTPLTRIRLATEMMSEQDGYTAESINKDIEECNAIIEQFIDYLR,3.956634530880856,1
L37V,LADDRTLLMAGVSHDLRTPLTRIRLATEMMSEQDGYVAESINKDIEECNAIIEQFIDYLR,3.927305374386061,1
L37W,LADDRTLLMAGVSHDLRTPLTRIRLATEMMSEQDGYWAESINKDIEECNAIIEQFIDYLR,2.1711290411663566,0
L37Y,LADDRTLLMAGVSHDLRTPLTRIRLATEMMSEQDGYYAESINKDIEECNAIIEQFIDYLR,3.0082499129619253,0
L59A,LADDRTLLMAGVSHDLRTPLTRIRLATEMMSEQDGYLAESINKDIEECNAIIEQFIDYAR,3.891195053182482,1
L59C,LADDRTLLMAGVSHDLRTPLTRIRLATEMMSEQDGYLAESINKDIEECNAIIEQFIDYCR,3.881062758202792,1
L59D,LADDRTLLMAGVSHDLRTPLTRIRLATEMMSEQDGYLAESINKDIEECNAIIEQFIDYDR,3.869493822791631,1
L59E,LADDRTLLMAGVSHDLRTPLTRIRLATEMMSEQDGYLAESINKDIEECNAIIEQFIDYER,2.7382449748548896,0
L59F,LADDRTLLMAGVSHDLRTPLTRIRLATEMMSEQDGYLAESINKDIEECNAIIEQFIDYFR,3.92824538152528,1
L59G,LADDRTLLMAGVSHDLRTPLTRIRLATEMMSEQDGYLAESINKDIEECNAIIEQFIDYGR,3.787797296466049,1
L59H,LADDRTLLMAGVSHDLRTPLTRIRLATEMMSEQDGYLAESINKDIEECNAIIEQFIDYHR,3.8015314957230655,1
L59I,LADDRTLLMAGVSHDLRTPLTRIRLATEMMSEQDGYLAESINKDIEECNAIIEQFIDYIR,2.315698601764486,0
L59K,LADDRTLLMAGVSHDLRTPLTRIRLATEMMSEQDGYLAESINKDIEECNAIIEQFIDYKR,4.189620384533284,1
L59M,LADDRTLLMAGVSHDLRTPLTRIRLATEMMSEQDGYLAESINKDIEECNAIIEQFIDYMR,3.8784244574979727,1
L59N,LADDRTLLMAGVSHDLRTPLTRIRLATEMMSEQDGYLAESINKDIEECNAIIEQFIDYNR,4.0487865512366845,1
L59P,LADDRTLLMAGVSHDLRTPLTRIRLATEMMSEQDGYLAESINKDIEECNAIIEQFIDYPR,3.641105372477389,1
L59Q,LADDRTLLMAGVSHDLRTPLTRIRLATEMMSEQDGYLAESINKDIEECNAIIEQFIDYQR,3.8111471510064887,1
L59R,LADDRTLLMAGVSHDLRTPLTRIRLATEMMSEQDGYLAESINKDIEECNAIIEQFIDYRR,3.8423593934233264,1
L59S,LADDRTLLMAGVSHDLRTPLTRIRLATEMMSEQDGYLAESINKDIEECNAIIEQFIDYSR,0.8000000147445391,0
L59T,LADDRTLLMAGVSHDLRTPLTRIRLATEMMSEQDGYLAESINKDIEECNAIIEQFIDYTR,3.840882911670687,1
L59V,LADDRTLLMAGVSHDLRTPLTRIRLATEMMSEQDGYLAESINKDIEECNAIIEQFIDYVR,0.8000745303421503,0
L59W,LADDRTLLMAGVSHDLRTPLTRIRLATEMMSEQDGYLAESINKDIEECNAIIEQFIDYWR,3.838877255745983,1
L59Y,LADDRTLLMAGVSHDLRTPLTRIRLATEMMSEQDGYLAESINKDIEECNAIIEQFIDYYR,3.839926287669726,1
L7A,LADDRTALMAGVSHDLRTPLTRIRLATEMMSEQDGYLAESINKDIEECNAIIEQFIDYLR,3.58991407456082,1
L7C,LADDRTCLMAGVSHDLRTPLTRIRLATEMMSEQDGYLAESINKDIEECNAIIEQFIDYLR,3.4027692377106065,0
L7D,LADDRTDLMAGVSHDLRTPLTRIRLATEMMSEQDGYLAESINKDIEECNAIIEQFIDYLR,3.5699883285955147,1
L7E,LADDRTELMAGVSHDLRTPLTRIRLATEMMSEQDGYLAESINKDIEECNAIIEQFIDYLR,0.8000000169176457,0
L7F,LADDRTFLMAGVSHDLRTPLTRIRLATEMMSEQDGYLAESINKDIEECNAIIEQFIDYLR,3.93480736177486,1
L7G,LADDRTGLMAGVSHDLRTPLTRIRLATEMMSEQDGYLAESINKDIEECNAIIEQFIDYLR,3.911809965611705,1
L7H,LADDRTHLMAGVSHDLRTPLTRIRLATEMMSEQDGYLAESINKDIEECNAIIEQFIDYLR,2.978877717843972,0
L7I,LADDRTILMAGVSHDLRTPLTRIRLATEMMSEQDGYLAESINKDIEECNAIIEQFIDYLR,3.403707698842698,0
L7K,LADDRTKLMAGVSHDLRTPLTRIRLATEMMSEQDGYLAESINKDIEECNAIIEQFIDYLR,3.88790768716052,1
L7M,LADDRTMLMAGVSHDLRTPLTRIRLATEMMSEQDGYLAESINKDIEECNAIIEQFIDYLR,3.965683604976397,1
L7N,LADDRTNLMAGVSHDLRTPLTRIRLATEMMSEQDGYLAESINKDIEECNAIIEQFIDYLR,2.181945001614615,0
L7P,LADDRTPLMAGVSHDLRTPLTRIRLATEMMSEQDGYLAESINKDIEECNAIIEQFIDYLR,3.8891645035223217,1
L7Q,LADDRTQLMAGVSHDLRTPLTRIRLATEMMSEQDGYLAESINKDIEECNAIIEQFIDYLR,3.7716885370542905,1
L7R,LADDRTRLMAGVSHDLRTPLTRIRLATEMMSEQDGYLAESINKDIEECNAIIEQFIDYLR,3.2174851738286305,0
L7S,LADDRTSLMAGVSHDLRTPLTRIRLATEMMSEQDGYLAESINKDIEECNAIIEQFIDYLR,3.7969521975957337,1
L7T,LADDRTTLMAGVSHDLRTPLTRIRLATEMMSEQDGYLAESINKDIEECNAIIEQFIDYLR,2.22225630067194,0
L7V,LADDRTVLMAGVSHDLRTPLTRIRLATEMMSEQDGYLAESINKDIEECNAIIEQFIDYLR,3.2909968860249394,0
L7W,LADDRTWLMAGVSHDLRTPLTRIRLATEMMSEQDGYLAESINKDIEECNAIIEQFIDYLR,3.826578246502317,1
L7Y,LADDRTYLMAGVSHDLRTPLTRIRLATEMMSEQDGYLAESINKDIEECNAIIEQFIDYLR,2.8630280958164107,0
L8A,LADDRTLAMAGVSHDLRTPLTRIRLATEMMSEQDGYLAESINKDIEECNAIIEQFIDYLR,3.9860748517928455,1
L8C,LADDRTLCMAGVSHDLRTPLTRIRLATEMMSEQDGYLAESINKDIEECNAIIEQFIDYLR,3.2791897233659864,0
L8D,LADDRTLDMAGVSHDLRTPLTRIRLATEMMSEQDGYLAESINKDIEECNAIIEQFIDYLR,2.809032523002688,0
L8E,LADDRTLEMAGVSHDLRTPLTRIRLATEMMSEQDGYLAESINKDIEECNAIIEQFIDYLR,2.798866314243163,0
L8F,LADDRTLFMAGVSHDLRTPLTRIRLATEMMSEQDGYLAESINKDIEECNAIIEQFIDYLR,2.9245561063848005,0
L8G,LADDRTLGMAGVSHDLRTPLTRIRLATEMMSEQDGYLAESINKDIEECNAIIEQFIDYLR,3.777641953240209,1
L8H,LADDRTLHMAGVSHDLRTPLTRIRLATEMMSEQDGYLAESINKDIEECNAIIEQFIDYLR,4.0061672824555465,1
L8I,LADDRTLIMAGVSHDLRTPLTRIRLATEMMSEQDGYLAESINKDIEECNAIIEQFIDYLR,3.393153726946177,0
L8K,LADDRTLKMAGVSHDLRTPLTRIRLATEMMSEQDGYLAESINKDIEECNAIIEQFIDYLR,2.3120786059937712,0
L8M,LADDRTLMMAGVSHDLRTPLTRIRLATEMMSEQDGYLAESINKDIEECNAIIEQFIDYLR,2.3348382036460182,0
L8N,LADDRTLNMAGVSHDLRTPLTRIRLATEMMSEQDGYLAESINKDIEECNAIIEQFIDYLR,0.8000320978643045,0
L8P,LADDRTLPMAGVSHDLRTPLTRIRLATEMMSEQDGYLAESINKDIEECNAIIEQFIDYLR,3.927220749813484,1
L8Q,LADDRTLQMAGVSHDLRTPLTRIRLATEMMSEQDGYLAESINKDIEECNAIIEQFIDYLR,3.7522193499939016,1
L8R,LADDRTLRMAGVSHDLRTPLTRIRLATEMMSEQDGYLAESINKDIEECNAIIEQFIDYLR,0.8000001276099451,0
L8S,LADDRTLSMAGVSHDLRTPLTRIRLATEMMSEQDGYLAESINKDIEECNAIIEQFIDYLR,3.8595636863001137,1
L8T,LADDRTLTMAGVSHDLRTPLTRIRLATEMMSEQDGYLAESINKDIEECNAIIEQFIDYLR,1.2065191304524336,0
L8V,LADDRTLVMAGVSHDLRTPLTRIRLATEMMSEQDGYLAESINKDIEECNAIIEQFIDYLR,2.8934000444108707,0
L8W,LADDRTLWMAGVSHDLRTPLTRIRLATEMMSEQDGYLAESINKDIEECNAIIEQFIDYLR,3.889193760682117,1
L8Y,LADDRTLYMAGVSHDLRTPLTRIRLATEMMSEQDGYLAESINKDIEECNAIIEQFIDYLR,3.818943581078466,1
M29A,LADDRTLLMAGVSHDLRTPLTRIRLATEAMSEQDGYLAESINKDIEECNAIIEQFIDYLR,3.8386670823678366,1
M29C,LADDRTLLMAGVSHDLRTPLTRIRLATECMSEQDGYLAESINKDIEECNAIIEQFIDYLR,3.927340532624145,1
M29D,LADDRTLLMAGVSHDLRTPLTRIRLATEDMSEQDGYLAESINKDIEECNAIIEQFIDYLR,0.8000127331983469,0
M29E,LADDRTLLMAGVSHDLRTPLTRIRLATEEMSEQDGYLAESINKDIEECNAIIEQFIDYLR,2.2268491042248826,0
M29F,LADDRTLLMAGVSHDLRTPLTRIRLATEFMSEQDGYLAESINKDIEECNAIIEQFIDYLR,2.103435023688935,0
M29G,LADDRTLLMAGVSHDLRTPLTRIRLATEGMSEQDGYLAESINKDIEECNAIIEQFIDYLR,1.7580779968092164,0
M29H,LADDRTLLMAGVSHDLRTPLTRIRLATEHMSEQDGYLAESINKDIEECNAIIEQFIDYLR,3.808030065025124,1
M29I,LADDRTLLMAGVSHDLRTPLTRIRLATEIMSEQDGYLAESINKDIEECNAIIEQFIDYLR,2.494682490884609,0
M29K,LADDRTLLMAGVSHDLRTPLTRIRLATEKMSEQDGYLAESINKDIEECNAIIEQFIDYLR,3.7946522511387024,1
M29L,LADDRTLLMAGVSHDLRTPLTRIRLATELMSEQDGYLAESINKDIEECNAIIEQFIDYLR,3.065866148930373,0
M29N,LADDRTLLMAGVSHDLRTPLTRIRLATENMSEQDGYLAESINKDIEECNAIIEQFIDYLR,2.3617568254464647,0
M29P,LADDRTLLMAGVSHDLRTPLTRIRLATEPMSEQDGYLAESINKDIEECNAIIEQFIDYLR,3.7196800023048784,1
M29Q,LADDRTLLMAGVSHDLRTPLTRIRLATEQMSEQDGYLAESINKDIEECNAIIEQFIDYLR,3.91141927120598,1
M29R,LADDRTLLMAGVSHDLRTPLTRIRLATERMSEQDGYLAESINKDIEECNAIIEQFIDYLR,3.814735385154544,1
M29S,LADDRTLLMAGVSHDLRTPLTRIRLATESMSEQDGYLAESINKDIEECNAIIEQFIDYLR,3.810238504214104,1
M29T,LADDRTLLMAGVSHDLRTPLTRIRLATETMSEQDGYLAESINKDIEECNAIIEQFIDYLR,0.9301874740413872,0
M29V,LADDRTLLMAGVSHDLRTPLTRIRLATEVMSEQDGYLAESINKDIEECNAIIEQFIDYLR,2.389366729079662,0
M29W,LADDRTLLMAGVSHDLRTPLTRIRLATEWMSEQDGYLAESINKDIEECNAIIEQFIDYLR,3.825799880469016,1
M29Y,LADDRTLLMAGVSHDLRTPLTRIRLATEYMSEQDGYLAESINKDIEECNAIIEQFIDYLR,3.7917680278804777,1
M30A,LADDRTLLMAGVSHDLRTPLTRIRLATEMASEQDGYLAESINKDIEECNAIIEQFIDYLR,3.963924800469683,1
M30C,LADDRTLLMAGVSHDLRTPLTRIRLATEMCSEQDGYLAESINKDIEECNAIIEQFIDYLR,3.7624415063642336,1
M30D,LADDRTLLMAGVSHDLRTPLTRIRLATEMDSEQDGYLAESINKDIEECNAIIEQFIDYLR,3.679255876785435,1
M30E,LADDRTLLMAGVSHDLRTPLTRIRLATEMESEQDGYLAESINKDIEECNAIIEQFIDYLR,3.4467608669612857,0
M30F,LADDRTLLMAGVSHDLRTPLTRIRLATEMFSEQDGYLAESINKDIEECNAIIEQFIDYLR,3.9820637810024095,1
M30G,LADDRTLLMAGVSHDLRTPLTRIRLATEMGSEQDGYLAESINKDIEECNAIIEQFIDYLR,3.860014156731797,1
M30H,LADDRTLLMAGVSHDLRTPLTRIRLATEMHSEQDGYLAESINKDIEECNAIIEQFIDYLR,3.929727169252936,1
M30I,LADDRTLLMAGVSHDLRTPLTRIRLATEMISEQDGYLAESINKDIEECNAIIEQFIDYLR,2.926325823571408,0
M30K,LADDRTLLMAGVSHDLRTPLTRIRLATEMKSEQDGYLAESINKDIEECNAIIEQFIDYLR,3.8656591989112985,1
M30L,LADDRTLLMAGVSHDLRTPLTRIRLATEMLSEQDGYLAESINKDIEECNAIIEQFIDYLR,0.8000020901965111,0
M30N,LADDRTLLMAGVSHDLRTPLTRIRLATEMNSEQDGYLAESINKDIEECNAIIEQFIDYLR,3.949774125345342,1
M30P,LADDRTLLMAGVSHDLRTPLTRIRLATEMPSEQDGYLAESINKDIEECNAIIEQFIDYLR,3.2634162431939275,0
M30Q,LADDRTLLMAGVSHDLRTPLTRIRLATEMQSEQDGYLAESINKDIEECNAIIEQFIDYLR,3.795809814643124,1
M30R,LADDRTLLMAGVSHDLRTPLTRIRLATEMRSEQDGYLAESINKDIEECNAIIEQFIDYLR,3.821902178697125,1
M30S,LADDRTLLMAGVSHDLRTPLTRIRLATEMSSEQDGYLAESINKDIEECNAIIEQFIDYLR,3.8076049835197536,1
M30T,LADDRTLLMAGVSHDLRTPLTRIRLATEMTSEQDGYLAESINKDIEECNAIIEQFIDYLR,3.448334862395157,0
M30V,LADDRTLLMAGVSHDLRTPLTRIRLATEMVSEQDGYLAESINKDIEECNAIIEQFIDYLR,3.682256698999749,1
M30W,LADDRTLLMAGVSHDLRTPLTRIRLATEMWSEQDGYLAESINKDIEECNAIIEQFIDYLR,3.882163013582213,1
M30Y,LADDRTLLMAGVSHDLRTPLTRIRLATEMYSEQDGYLAESINKDIEECNAIIEQFIDYLR,3.9689358637736185,1
M9A,LADDRTLLAAGVSHDLRTPLTRIRLATEMMSEQDGYLAESINKDIEECNAIIEQFIDYLR,3.8514675263181264,1
M9C,LADDRTLLCAGVSHDLRTPLTRIRLATEMMSEQDGYLAESINKDIEECNAIIEQFIDYLR,3.9357372282893377,1
M9D,LADDRTLLDAGVSHDLRTPLTRIRLATEMMSEQDGYLAESINKDIEECNAIIEQFIDYLR,3.878057743473076,1
M9E,LADDRTLLEAGVSHDLRTPLTRIRLATEMMSEQDGYLAESINKDIEECNAIIEQFIDYLR,3.91864822546098,1
M9F,LADDRTLLFAGVSHDLRTPLTRIRLATEMMSEQDGYLAESINKDIEECNAIIEQFIDYLR,3.757702904628056,1
M9G,LADDRTLLGAGVSHDLRTPLTRIRLATEMMSEQDGYLAESINKDIEECNAIIEQFIDYLR,1.4019259565936852,0
M9H,LADDRTLLHAGVSHDLRTPLTRIRLATEMMSEQDGYLAESINKDIEECNAIIEQFIDYLR,0.8000013481841161,0
M9I,LADDRTLLIAGVSHDLRTPLTRIRLATEMMSEQDGYLAESINKDIEECNAIIEQFIDYLR,2.1312423436426973,0
M9K,LADDRTLLKAGVSHDLRTPLTRIRLATEMMSEQDGYLAESINKDIEECNAIIEQFIDYLR,3.8337766456590368,1
M9L,LADDRTLLLAGVSHDLRTPLTRIRLATEMMSEQDGYLAESINKDIEECNAIIEQFIDYLR,3.8685185672578273,1
M9N,LADDRTLLNAGVSHDLRTPLTRIRLATEMMSEQDGYLAESINKDIEECNAIIEQFIDYLR,2.0780657769778226,0
M9P,LADDRTLLPAGVSHDLRTPLTRIRLATEMMSEQDGYLAESINKDIEECNAIIEQFIDYLR,3.8820146451029913,1
M9Q,LADDRTLLQAGVSHDLRTPLTRIRLATEMMSEQDGYLAESINKDIEECNAIIEQFIDYLR,3.882996959169688,1
M9R,LADDRTLLRAGVSHDLRTPLTRIRLATEMMSEQDGYLAESINKDIEECNAIIEQFIDYLR,3.890936423872057,1
M9S,LADDRTLLSAGVSHDLRTPLTRIRLATEMMSEQDGYLAESINKDIEECNAIIEQFIDYLR,1.3510516891817672,0
M9T,LADDRTLLTAGVSHDLRTPLTRIRLATEMMSEQDGYLAESINKDIEECNAIIEQFIDYLR,3.927802596881569,1
M9V,LADDRTLLVAGVSHDLRTPLTRIRLATEMMSEQDGYLAESINKDIEECNAIIEQFIDYLR,3.944488842929803,1
M9W,LADDRTLLWAGVSHDLRTPLTRIRLATEMMSEQDGYLAESINKDIEECNAIIEQFIDYLR,3.983669973345658,1
M9Y,LADDRTLLYAGVSHDLRTPLTRIRLATEMMSEQDGYLAESINKDIEECNAIIEQFIDYLR,3.8648343232658697,1
N42A,LADDRTLLMAGVSHDLRTPLTRIRLATEMMSEQDGYLAESIAKDIEECNAIIEQFIDYLR,3.908255805607999,1
N42C,LADDRTLLMAGVSHDLRTPLTRIRLATEMMSEQDGYLAESICKDIEECNAIIEQFIDYLR,3.9806620017640775,1
N42D,LADDRTLLMAGVSHDLRTPLTRIRLATEMMSEQDGYLAESIDKDIEECNAIIEQFIDYLR,3.953169653324707,1
N42E,LADDRTLLMAGVSHDLRTPLTRIRLATEMMSEQDGYLAESIEKDIEECNAIIEQFIDYLR,3.9599363909006855,1
N42G,LADDRTLLMAGVSHDLRTPLTRIRLATEMMSEQDGYLAESIGKDIEECNAIIEQFIDYLR,3.8521133659246543,1
N42H,LADDRTLLMAGVSHDLRTPLTRIRLATEMMSEQDGYLAESIHKDIEECNAIIEQFIDYLR,3.881165355087005,1
N42I,LADDRTLLMAGVSHDLRTPLTRIRLATEMMSEQDGYLAESIIKDIEECNAIIEQFIDYLR,3.9660891522065898,1
N42K,LADDRTLLMAGVSHDLRTPLTRIRLATEMMSEQDGYLAESIKKDIEECNAIIEQFIDYLR,3.836873930050949,1
N42L,LADDRTLLMAGVSHDLRTPLTRIRLATEMMSEQDGYLAESILKDIEECNAIIEQFIDYLR,3.831867649562862,1
N42P,LADDRTLLMAGVSHDLRTPLTRIRLATEMMSEQDGYLAESIPKDIEECNAIIEQFIDYLR,3.2347253710975514,0
N42R,LADDRTLLMAGVSHDLRTPLTRIRLATEMMSEQDGYLAESIRKDIEECNAIIEQFIDYLR,3.741044892879368,1
N42S,LADDRTLLMAGVSHDLRTPLTRIRLATEMMSEQDGYLAESISKDIEECNAIIEQFIDYLR,3.897106897454419,1
N42T,LADDRTLLMAGVSHDLRTPLTRIRLATEMMSEQDGYLAESITKDIEECNAIIEQFIDYLR,3.8164164679672528,1
N42V,LADDRTLLMAGVSHDLRTPLTRIRLATEMMSEQDGYLAESIVKDIEECNAIIEQFIDYLR,3.903891219219585,1
N42W,LADDRTLLMAGVSHDLRTPLTRIRLATEMMSEQDGYLAESIWKDIEECNAIIEQFIDYLR,0.8000000000711112,0
N42Y,LADDRTLLMAGVSHDLRTPLTRIRLATEMMSEQDGYLAESIYKDIEECNAIIEQFIDYLR,3.882587222302185,1
N49A,LADDRTLLMAGVSHDLRTPLTRIRLATEMMSEQDGYLAESINKDIEECAAIIEQFIDYLR,3.938506781310129,1
N49C,LADDRTLLMAGVSHDLRTPLTRIRLATEMMSEQDGYLAESINKDIEECCAIIEQFIDYLR,3.919714285894609,1
N49D,LADDRTLLMAGVSHDLRTPLTRIRLATEMMSEQDGYLAESINKDIEECDAIIEQFIDYLR,2.953731228954105,0
N49E,LADDRTLLMAGVSHDLRTPLTRIRLATEMMSEQDGYLAESINKDIEECEAIIEQFIDYLR,3.8859595894842376,1
N49G,LADDRTLLMAGVSHDLRTPLTRIRLATEMMSEQDGYLAESINKDIEECGAIIEQFIDYLR,3.8570187116231054,1
N49H,LADDRTLLMAGVSHDLRTPLTRIRLATEMMSEQDGYLAESINKDIEECHAIIEQFIDYLR,3.7347516727607823,1
N49I,LADDRTLLMAGVSHDLRTPLTRIRLATEMMSEQDGYLAESINKDIEECIAIIEQFIDYLR,3.8121283743848458,1
N49K,LADDRTLLMAGVSHDLRTPLTRIRLATEMMSEQDGYLAESINKDIEECKAIIEQFIDYLR,3.909514255825237,1
N49L,LADDRTLLMAGVSHDLRTPLTRIRLATEMMSEQDGYLAESINKDIEECLAIIEQFIDYLR,0.8336577216177273,0
N49M,LADDRTLLMAGVSHDLRTPLTRIRLATEMMSEQDGYLAESINKDIEECMAIIEQFIDYLR,3.9176331424622814,1
N49P,LADDRTLLMAGVSHDLRTPLTRIRLATEMMSEQDGYLAESINKDIEECPAIIEQFIDYLR,1.2887226190310497,0
N49Q,LADDRTLLMAGVSHDLRTPLTRIRLATEMMSEQDGYLAESINKDIEECQAIIEQFIDYLR,3.933126101399551,1
N49R,LADDRTLLMAGVSHDLRTPLTRIRLATEMMSEQDGYLAESINKDIEECRAIIEQFIDYLR,3.927594219402912,1
N49S,LADDRTLLMAGVSHDLRTPLTRIRLATEMMSEQDGYLAESINKDIEECSAIIEQFIDYLR,3.9416340195239865,1
N49T,LADDRTLLMAGVSHDLRTPLTRIRLATEMMSEQDGYLAESINKDIEECTAIIEQFIDYLR,3.948409479624712,1
N49V,LADDRTLLMAGVSHDLRTPLTRIRLATEMMSEQDGYLAESINKDIEECVAIIEQFIDYLR,3.788153773646696,1
N49Y,LADDRTLLMAGVSHDLRTPLTRIRLATEMMSEQDGYLAESINKDIEECYAIIEQFIDYLR,3.7379668708813454,1
P19A,LADDRTLLMAGVSHDLRTALTRIRLATEMMSEQDGYLAESINKDIEECNAIIEQFIDYLR,3.913228381843645,1
P19C,LADDRTLLMAGVSHDLRTCLTRIRLATEMMSEQDGYLAESINKDIEECNAIIEQFIDYLR,4.072526001464547,1
P19D,LADDRTLLMAGVSHDLRTDLTRIRLATEMMSEQDGYLAESINKDIEECNAIIEQFIDYLR,0.8000000000000002,0
P19E,LADDRTLLMAGVSHDLRTELTRIRLATEMMSEQDGYLAESINKDIEECNAIIEQFIDYLR,1.083861820271919,0
P19F,LADDRTLLMAGVSHDLRTFLTRIRLATEMMSEQDGYLAESINKDIEECNAIIEQFIDYLR,0.8000134607495581,0
P19G,LADDRTLLMAGVSHDLRTGLTRIRLATEMMSEQDGYLAESINKDIEECNAIIEQFIDYLR,3.8687734846896777,1
P19H,LADDRTLLMAGVSHDLRTHLTRIRLATEMMSEQDGYLAESINKDIEECNAIIEQFIDYLR,0.8000079560211668,0
P19I,LADDRTLLMAGVSHDLRTILTRIRLATEMMSEQDGYLAESINKDIEECNAIIEQFIDYLR,3.801052718205776,1
P19K,LADDRTLLMAGVSHDLRTKLTRIRLATEMMSEQDGYLAESINKDIEECNAIIEQFIDYLR,3.739568313368652,1
P19L,LADDRTLLMAGVSHDLRTLLTRIRLATEMMSEQDGYLAESINKDIEECNAIIEQFIDYLR,3.7988543570526248,1
P19M,LADDRTLLMAGVSHDLRTMLTRIRLATEMMSEQDGYLAESINKDIEECNAIIEQFIDYLR,3.877167849528037,1
P19N,LADDRTLLMAGVSHDLRTNLTRIRLATEMMSEQDGYLAESINKDIEECNAIIEQFIDYLR,3.9519191506742986,1
P19Q,LADDRTLLMAGVSHDLRTQLTRIRLATEMMSEQDGYLAESINKDIEECNAIIEQFIDYLR,0.8000000000053659,0
P19R,LADDRTLLMAGVSHDLRTRLTRIRLATEMMSEQDGYLAESINKDIEECNAIIEQFIDYLR,3.8532454158477822,1
P19S,LADDRTLLMAGVSHDLRTSLTRIRLATEMMSEQDGYLAESINKDIEECNAIIEQFIDYLR,3.839420614886476,1
P19T,LADDRTLLMAGVSHDLRTTLTRIRLATEMMSEQDGYLAESINKDIEECNAIIEQFIDYLR,0.8003841225017361,0
P19V,LADDRTLLMAGVSHDLRTVLTRIRLATEMMSEQDGYLAESINKDIEECNAIIEQFIDYLR,3.870418938310277,1
P19W,LADDRTLLMAGVSHDLRTWLTRIRLATEMMSEQDGYLAESINKDIEECNAIIEQFIDYLR,3.829500204369464,1
P19Y,LADDRTLLMAGVSHDLRTYLTRIRLATEMMSEQDGYLAESINKDIEECNAIIEQFIDYLR,3.8483328900241065,1
Q33A,LADDRTLLMAGVSHDLRTPLTRIRLATEMMSEADGYLAESINKDIEECNAIIEQFIDYLR,3.5108361588473,1
Q33C,LADDRTLLMAGVSHDLRTPLTRIRLATEMMSECDGYLAESINKDIEECNAIIEQFIDYLR,3.5167712654400725,1
Q33D,LADDRTLLMAGVSHDLRTPLTRIRLATEMMSEDDGYLAESINKDIEECNAIIEQFIDYLR,3.713312530933628,1
Q33E,LADDRTLLMAGVSHDLRTPLTRIRLATEMMSEEDGYLAESINKDIEECNAIIEQFIDYLR,3.6980517100832047,1
Q33F,LADDRTLLMAGVSHDLRTPLTRIRLATEMMSEFDGYLAESINKDIEECNAIIEQFIDYLR,2.9811357765840216,0
Q33G,LADDRTLLMAGVSHDLRTPLTRIRLATEMMSEGDGYLAESINKDIEECNAIIEQFIDYLR,3.6448386352461895,1
Q33H,LADDRTLLMAGVSHDLRTPLTRIRLATEMMSEHDGYLAESINKDIEECNAIIEQFIDYLR,3.534130971965992,1
Q33I,LADDRTLLMAGVSHDLRTPLTRIRLATEMMSEIDGYLAESINKDIEECNAIIEQFIDYLR,3.4187157716731265,0
Q33K,LADDRTLLMAGVSHDLRTPLTRIRLATEMMSEKDGYLAESINKDIEECNAIIEQFIDYLR,3.3346775029343165,0
Q33L,LADDRTLLMAGVSHDLRTPLTRIRLATEMMSELDGYLAESINKDIEECNAIIEQFIDYLR,3.3469282681096795,0
Q33M,LADDRTLLMAGVSHDLRTPLTRIRLATEMMSEMDGYLAESINKDIEECNAIIEQFIDYLR,3.554223308111572,1
Q33N,LADDRTLLMAGVSHDLRTPLTRIRLATEMMSENDGYLAESINKDIEECNAIIEQFIDYLR,3.3467316018865065,0
Q33P,LADDRTLLMAGVSHDLRTPLTRIRLATEMMSEPDGYLAESINKDIEECNAIIEQFIDYLR,2.617645598148705,0
Q33R,LADDRTLLMAGVSHDLRTPLTRIRLATEMMSERDGYLAESINKDIEECNAIIEQFIDYLR,3.3119528420453164,0
Q33S,LADDRTLLMAGVSHDLRTPLTRIRLATEMMSESDGYLAESINKDIEECNAIIEQFIDYLR,3.37142296414949,0
Q33T,LADDRTLLMAGVSHDLRTPLTRIRLATEMMSETDGYLAESINKDIEECNAIIEQFIDYLR,3.5709934379045283,1
Q33V,LADDRTLLMAGVSHDLRTPLTRIRLATEMMSEVDGYLAESINKDIEECNAIIEQFIDYLR,3.344046941550322,0
Q33W,LADDRTLLMAGVSHDLRTPLTRIRLATEMMSEWDGYLAESINKDIEECNAIIEQFIDYLR,3.706121039314268,1
Q33Y,LADDRTLLMAGVSHDLRTPLTRIRLATEMMSEYDGYLAESINKDIEECNAIIEQFIDYLR,2.692290927140215,0
Q54A,LADDRTLLMAGVSHDLRTPLTRIRLATEMMSEQDGYLAESINKDIEECNAIIEAFIDYLR,3.9517154461276416,1
Q54C,LADDRTLLMAGVSHDLRTPLTRIRLATEMMSEQDGYLAESINKDIEECNAIIECFIDYLR,3.880410028391653,1
Q54E,LADDRTLLMAGVSHDLRTPLTRIRLATEMMSEQDGYLAESINKDIEECNAIIEEFIDYLR,3.855316817329981,1
Q54G,LADDRTLLMAGVSHDLRTPLTRIRLATEMMSEQDGYLAESINKDIEECNAIIEGFIDYLR,3.885815293389826,1
Q54H,LADDRTLLMAGVSHDLRTPLTRIRLATEMMSEQDGYLAESINKDIEECNAIIEHFIDYLR,3.918647142821128,1
Q54K,LADDRTLLMAGVSHDLRTPLTRIRLATEMMSEQDGYLAESINKDIEECNAIIEKFIDYLR,0.8258252500044659,0
Q54L,LADDRTLLMAGVSHDLRTPLTRIRLATEMMSEQDGYLAESINKDIEECNAIIELFIDYLR,3.869393760941247,1
Q54M,LADDRTLLMAGVSHDLRTPLTRIRLATEMMSEQDGYLAESINKDIEECNAIIEMFIDYLR,3.805326422294748,1
Q54N,LADDRTLLMAGVSHDLRTPLTRIRLATEMMSEQDGYLAESINKDIEECNAIIENFIDYLR,3.932651729853081,1
Q54P,LADDRTLLMAGVSHDLRTPLTRIRLATEMMSEQDGYLAESINKDIEECNAIIEPFIDYLR,0.8000000000000002,0
Q54R,LADDRTLLMAGVSHDLRTPLTRIRLATEMMSEQDGYLAESINKDIEECNAIIERFIDYLR,2.5468362925451893,0
Q54S,LADDRTLLMAGVSHDLRTPLTRIRLATEMMSEQDGYLAESINKDIEECNAIIESFIDYLR,3.972667232835511,1
Q54T,LADDRTLLMAGVSHDLRTPLTRIRLATEMMSEQDGYLAESINKDIEECNAIIETFIDYLR,3.9384345384994384,1
Q54V,LADDRTLLMAGVSHDLRTPLTRIRLATEMMSEQDGYLAESINKDIEECNAIIEVFIDYLR,3.982932641928279,1
Q54W,LADDRTLLMAGVSHDLRTPLTRIRLATEMMSEQDGYLAESINKDIEECNAIIEWFIDYLR,3.814776063797675,1
Q54Y,LADDRTLLMAGVSHDLRTPLTRIRLATEMMSEQDGYLAESINKDIEECNAIIEYFIDYLR,2.675197722701374,0
R17A,LADDRTLLMAGVSHDLATPLTRIRLATEMMSEQDGYLAESINKDIEECNAIIEQFIDYLR,3.82026776017932,1
R17C,LADDRTLLMAGVSHDLCTPLTRIRLATEMMSEQDGYLAESINKDIEECNAIIEQFIDYLR,3.762390870407709,1
R17D,LADDRTLLMAGVSHDLDTPLTRIRLATEMMSEQDGYLAESINKDIEECNAIIEQFIDYLR,3.8315878474826,1
R17E,LADDRTLLMAGVSHDLETPLTRIRLATEMMSEQDGYLAESINKDIEECNAIIEQFIDYLR,3.860485420606228,1
R17F,LADDRTLLMAGVSHDLFTPLTRIRLATEMMSEQDGYLAESINKDIEECNAIIEQFIDYLR,2.138140633174457,0
R17G,LADDRTLLMAGVSHDLGTPLTRIRLATEMMSEQDGYLAESINKDIEECNAIIEQFIDYLR,3.8306358543081847,1
R17H,LADDRTLLMAGVSHDLHTPLTRIRLATEMMSEQDGYLAESINKDIEECNAIIEQFIDYLR,3.6550134194678487,1
R17I,LADDRTLLMAGVSHDLITPLTRIRLATEMMSEQDGYLAESINKDIEECNAIIEQFIDYLR,3.8420832020498032,1
R17K,LADDRTLLMAGVSHDLKTPLTRIRLATEMMSEQDGYLAESINKDIEECNAIIEQFIDYLR,3.876467070648136,1
R17L,LADDRTLLMAGVSHDLLTPLTRIRLATEMMSEQDGYLAESINKDIEECNAIIEQFIDYLR,0.8000000122290052,0
R17M,LADDRTLLMAGVSHDLMTPLTRIRLATEMMSEQDGYLAESINKDIEECNAIIEQFIDYLR,2.3577739045053216,0
R17N,LADDRTLLMAGVSHDLNTPLTRIRLATEMMSEQDGYLAESINKDIEECNAIIEQFIDYLR,3.81242973916328,1
R17P,LADDRTLLMAGVSHDLPTPLTRIRLATEMMSEQDGYLAESINKDIEECNAIIEQFIDYLR,0.981437421332036,0
R17Q,LADDRTLLMAGVSHDLQTPLTRIRLATEMMSEQDGYLAESINKDIEECNAIIEQFIDYLR,3.7889683532769225,1
R17S,LADDRTLLMAGVSHDLSTPLTRIRLATEMMSEQDGYLAESINKDIEECNAIIEQFIDYLR,3.8768877461646754,1
R17T,LADDRTLLMAGVSHDLTTPLTRIRLATEMMSEQDGYLAESINKDIEECNAIIEQFIDYLR,3.8186335589746383,1
R17V,LADDRTLLMAGVSHDLVTPLTRIRLATEMMSEQDGYLAESINKDIEECNAIIEQFIDYLR,3.825093286357124,1
R17W,LADDRTLLMAGVSHDLWTPLTRIRLATEMMSEQDGYLAESINKDIEECNAIIEQFIDYLR,1.7333313884722974,0
R17Y,LADDRTLLMAGVSHDLYTPLTRIRLATEMMSEQDGYLAESINKDIEECNAIIEQFIDYLR,3.7873339662248178,1
R22A,LADDRTLLMAGVSHDLRTPLTAIRLATEMMSEQDGYLAESINKDIEECNAIIEQFIDYLR,3.867364133753974,1
R22C,LADDRTLLMAGVSHDLRTPLTCIRLATEMMSEQDGYLAESINKDIEECNAIIEQFIDYLR,2.621958655996972,0
R22D,LADDRTLLMAGVSHDLRTPLTDIRLATEMMSEQDGYLAESINKDIEECNAIIEQFIDYLR,0.8000000000000002,0
R22E,LADDRTLLMAGVSHDLRTPLTEIRLATEMMSEQDGYLAESINKDIEECNAIIEQFIDYLR,1.023416760163038,0
R22F,LADDRTLLMAGVSHDLRTPLTFIRLATEMMSEQDGYLAESINKDIEECNAIIEQFIDYLR,0.8000000464131949,0
R22G,LADDRTLLMAGVSHDLRTPLTGIRLATEMMSEQDGYLAESINKDIEECNAIIEQFIDYLR,3.914480912196741,1
R22H,LADDRTLLMAGVSHDLRTPLTHIRLATEMMSEQDGYLAESINKDIEECNAIIEQFIDYLR,3.711936661232668,1
R22I,LADDRTLLMAGVSHDLRTPLTIIRLATEMMSEQDGYLAESINKDIEECNAIIEQFIDYLR,1.3279184053525337,0
R22K,LADDRTLLMAGVSHDLRTPLTKIRLATEMMSEQDGYLAESINKDIEECNAIIEQFIDYLR,3.910491574276031,1
R22L,LADDRTLLMAGVSHDLRTPLTLIRLATEMMSEQDGYLAESINKDIEECNAIIEQFIDYLR,1.3809392372960183,0
R22M,LADDRTLLMAGVSHDLRTPLTMIRLATEMMSEQDGYLAESINKDIEECNAIIEQFIDYLR,3.049911500095375,0
R22N,LADDRTLLMAGVSHDLRTPLTNIRLATEMMSEQDGYLAESINKDIEECNAIIEQFIDYLR,1.7629102940781185,0
R22P,LADDRTLLMAGVSHDLRTPLTPIRLATEMMSEQDGYLAESINKDIEECNAIIEQFIDYLR,0.8000001777078887,0
R22Q,LADDRTLLMAGVSHDLRTPLTQIRLATEMMSEQDGYLAESINKDIEECNAIIEQFIDYLR,3.889153812293845,1
R22S,LADDRTLLMAGVSHDLRTPLTSIRLATEMMSEQDGYLAESINKDIEECNAIIEQFIDYLR,3.8185359229560953,1
R22T,LADDRTLLMAGVSHDLRTPLTTIRLATEMMSEQDGYLAESINKDIEECNAIIEQFIDYLR,3.3354235494137168,0
R22V,LADDRTLLMAGVSHDLRTPLTVIRLATEMMSEQDGYLAESINKDIEECNAIIEQFIDYLR,1.5708764533493946,0
R22W,LADDRTLLMAGVSHDLRTPLTWIRLATEMMSEQDGYLAESINKDIEECNAIIEQFIDYLR,3.1375704569372167,0
R22Y,LADDRTLLMAGVSHDLRTPLTYIRLATEMMSEQDGYLAESINKDIEECNAIIEQFIDYLR,3.701854230713664,1
R24A,LADDRTLLMAGVSHDLRTPLTRIALATEMMSEQDGYLAESINKDIEECNAIIEQFIDYLR,3.91042603931464,1
R24C,LADDRTLLMAGVSHDLRTPLTRICLATEMMSEQDGYLAESINKDIEECNAIIEQFIDYLR,3.7872542091951233,1
R24D,LADDRTLLMAGVSHDLRTPLTRIDLATEMMSEQDGYLAESINKDIEECNAIIEQFIDYLR,3.78732825032305,1
R24E,LADDRTLLMAGVSHDLRTPLTRIELATEMMSEQDGYLAESINKDIEECNAIIEQFIDYLR,0.8000000102117845,0
R24F,LADDRTLLMAGVSHDLRTPLTRIFLATEMMSEQDGYLAESINKDIEECNAIIEQFIDYLR,3.9197022936618673,1
R24G,LADDRTLLMAGVSHDLRTPLTRIGLATEMMSEQDGYLAESINKDIEECNAIIEQFIDYLR,3.843348363141581,1
R24H,LADDRTLLMAGVSHDLRTPLTRIHLATEMMSEQDGYLAESINKDIEECNAIIEQFIDYLR,3.65778159293872,1
R24I,LADDRTLLMAGVSHDLRTPLTRIILATEMMSEQDGYLAESINKDIEECNAIIEQFIDYLR,0.8060886343552833,0
R24K,LADDRTLLMAGVSHDLRTPLTRIKLATEMMSEQDGYLAESINKDIEECNAIIEQFIDYLR,3.8929801993166806,1
R24L,LADDRTLLMAGVSHDLRTPLTRILLATEMMSEQDGYLAESINKDIEECNAIIEQFIDYLR,3.924597560037488,1
R24M,LADDRTLLMAGVSHDLRTPLTRIMLATEMMSEQDGYLAESINKDIEECNAIIEQFIDYLR,3.842223488983172,1
R24N,LADDRTLLMAGVSHDLRTPLTRINLATEMMSEQDGYLAESINKDIEECNAIIEQFIDYLR,2.0299993192692773,0
R24P,LADDRTLLMAGVSHDLRTPLTRIPLATEMMSEQDGYLAESINKDIEECNAIIEQFIDYLR,3.8058847486801386,1
R24Q,LADDRTLLMAGVSHDLRTPLTRIQLATEMMSEQDGYLAESINKDIEECNAIIEQFIDYLR,3.8557374804552578,1
R24S,LADDRTLLMAGVSHDLRTPLTRISLATEMMSEQDGYLAESINKDIEECNAIIEQFIDYLR,3.824053313830753,1
R24T,LADDRTLLMAGVSHDLRTPLTRITLATEMMSEQDGYLAESINKDIEECNAIIEQFIDYLR,2.2130556588211983,0
R24V,LADDRTLLMAGVSHDLRTPLTRIVLATEMMSEQDGYLAESINKDIEECNAIIEQFIDYLR,3.152589782101072,0
R24W,LADDRTLLMAGVSHDLRTPLTRIWLATEMMSEQDGYLAESINKDIEECNAIIEQFIDYLR,1.4514362292478105,0
R24Y,LADDRTLLMAGVSHDLRTPLTRIYLATEMMSEQDGYLAESINKDIEECNAIIEQFIDYLR,3.9477948689181344,1
R5A,LADDATLLMAGVSHDLRTPLTRIRLATEMMSEQDGYLAESINKDIEECNAIIEQFIDYLR,3.875374167638014,1
R5C,LADDCTLLMAGVSHDLRTPLTRIRLATEMMSEQDGYLAESINKDIEECNAIIEQFIDYLR,3.770807531239487,1
R5D,LADDDTLLMAGVSHDLRTPLTRIRLATEMMSEQDGYLAESINKDIEECNAIIEQFIDYLR,2.269247400803978,0
R5E,LADDETLLMAGVSHDLRTPLTRIRLATEMMSEQDGYLAESINKDIEECNAIIEQFIDYLR,4.1169942111454185,1
R5F,LADDFTLLMAGVSHDLRTPLTRIRLATEMMSEQDGYLAESINKDIEECNAIIEQFIDYLR,3.8084331477523854,1
R5G,LADDGTLLMAGVSHDLRTPLTRIRLATEMMSEQDGYLAESINKDIEECNAIIEQFIDYLR,3.691468771279282,1
R5H,LADDHTLLMAGVSHDLRTPLTRIRLATEMMSEQDGYLAESINKDIEECNAIIEQFIDYLR,3.6884716537434943,1
R5I,LADDITLLMAGVSHDLRTPLTRIRLATEMMSEQDGYLAESINKDIEECNAIIEQFIDYLR,3.8135959113569786,1
R5K,LADDKTLLMAGVSHDLRTPLTRIRLATEMMSEQDGYLAESINKDIEECNAIIEQFIDYLR,3.822697615321359,1
R5L,LADDLTLLMAGVSHDLRTPLTRIRLATEMMSEQDGYLAESINKDIEECNAIIEQFIDYLR,3.8089892249625614,1
R5M,LADDMTLLMAGVSHDLRTPLTRIRLATEMMSEQDGYLAESINKDIEECNAIIEQFIDYLR,0.8024318426589493,0
R5N,LADDNTLLMAGVSHDLRTPLTRIRLATEMMSEQDGYLAESINKDIEECNAIIEQFIDYLR,3.814986940424728,1
R5P,LADDPTLLMAGVSHDLRTPLTRIRLATEMMSEQDGYLAESINKDIEECNAIIEQFIDYLR,3.8047374427859313,1
R5Q,LADDQTLLMAGVSHDLRTPLTRIRLATEMMSEQDGYLAESINKDIEECNAIIEQFIDYLR,3.7630366083225577,1
R5S,LADDSTLLMAGVSHDLRTPLTRIRLATEMMSEQDGYLAESINKDIEECNAIIEQFIDYLR,3.8389367947824646,1
R5T,LADDTTLLMAGVSHDLRTPLTRIRLATEMMSEQDGYLAESINKDIEECNAIIEQFIDYLR,3.9232724467821343,1
R5V,LADDVTLLMAGVSHDLRTPLTRIRLATEMMSEQDGYLAESINKDIEECNAIIEQFIDYLR,3.850762724119012,1
R5W,LADDWTLLMAGVSHDLRTPLTRIRLATEMMSEQDGYLAESINKDIEECNAIIEQFIDYLR,3.793290564273451,1
R5Y,LADDYTLLMAGVSHDLRTPLTRIRLATEMMSEQDGYLAESINKDIEECNAIIEQFIDYLR,3.815205235386811,1
R60A,LADDRTLLMAGVSHDLRTPLTRIRLATEMMSEQDGYLAESINKDIEECNAIIEQFIDYLA,3.9534054689572207,1
R60C,LADDRTLLMAGVSHDLRTPLTRIRLATEMMSEQDGYLAESINKDIEECNAIIEQFIDYLC,3.8032560066457455,1
R60D,LADDRTLLMAGVSHDLRTPLTRIRLATEMMSEQDGYLAESINKDIEECNAIIEQFIDYLD,3.915577251569753,1
R60E,LADDRTLLMAGVSHDLRTPLTRIRLATEMMSEQDGYLAESINKDIEECNAIIEQFIDYLE,3.903208858444609,1
R60F,LADDRTLLMAGVSHDLRTPLTRIRLATEMMSEQDGYLAESINKDIEECNAIIEQFIDYLF,3.831258036366828,1
R60G,LADDRTLLMAGVSHDLRTPLTRIRLATEMMSEQDGYLAESINKDIEECNAIIEQFIDYLG,3.9147141544722017,1
R60H,LADDRTLLMAGVSHDLRTPLTRIRLATEMMSEQDGYLAESINKDIEECNAIIEQFIDYLH,3.746884286909251,1
R60I,LADDRTLLMAGVSHDLRTPLTRIRLATEMMSEQDGYLAESINKDIEECNAIIEQFIDYLI,3.889451273316205,1
R60K,LADDRTLLMAGVSHDLRTPLTRIRLATEMMSEQDGYLAESINKDIEECNAIIEQFIDYLK,4.122841542048435,1
R60L,LADDRTLLMAGVSHDLRTPLTRIRLATEMMSEQDGYLAESINKDIEECNAIIEQFIDYLL,3.8382611111577982,1
R60M,LADDRTLLMAGVSHDLRTPLTRIRLATEMMSEQDGYLAESINKDIEECNAIIEQFIDYLM,3.844522642544133,1
R60N,LADDRTLLMAGVSHDLRTPLTRIRLATEMMSEQDGYLAESINKDIEECNAIIEQFIDYLN,3.948462649413589,1
R60P,LADDRTLLMAGVSHDLRTPLTRIRLATEMMSEQDGYLAESINKDIEECNAIIEQFIDYLP,3.843616619006343,1
R60S,LADDRTLLMAGVSHDLRTPLTRIRLATEMMSEQDGYLAESINKDIEECNAIIEQFIDYLS,3.926610768546985,1
R60T,LADDRTLLMAGVSHDLRTPLTRIRLATEMMSEQDGYLAESINKDIEECNAIIEQFIDYLT,3.7735416836480895,1
R60V,LADDRTLLMAGVSHDLRTPLTRIRLATEMMSEQDGYLAESINKDIEECNAIIEQFIDYLV,2.525195401193326,0
R60W,LADDRTLLMAGVSHDLRTPLTRIRLATEMMSEQDGYLAESINKDIEECNAIIEQFIDYLW,3.8925744055553073,1
R60Y,LADDRTLLMAGVSHDLRTPLTRIRLATEMMSEQDGYLAESINKDIEECNAIIEQFIDYLY,3.7535656070658567,1
S13A,LADDRTLLMAGVAHDLRTPLTRIRLATEMMSEQDGYLAESINKDIEECNAIIEQFIDYLR,1.7005839431143273,0
S13C,LADDRTLLMAGVCHDLRTPLTRIRLATEMMSEQDGYLAESINKDIEECNAIIEQFIDYLR,3.8545401493270455,1
S13D,LADDRTLLMAGVDHDLRTPLTRIRLATEMMSEQDGYLAESINKDIEECNAIIEQFIDYLR,3.8516457879190447,1
S13E,LADDRTLLMAGVEHDLRTPLTRIRLATEMMSEQDGYLAESINKDIEECNAIIEQFIDYLR,3.9054094803130255,1
S13F,LADDRTLLMAGVFHDLRTPLTRIRLATEMMSEQDGYLAESINKDIEECNAIIEQFIDYLR,3.795021120352241,1
S13G,LADDRTLLMAGVGHDLRTPLTRIRLATEMMSEQDGYLAESINKDIEECNAIIEQFIDYLR,3.7887411671513176,1
S13H,LADDRTLLMAGVHHDLRTPLTRIRLATEMMSEQDGYLAESINKDIEECNAIIEQFIDYLR,3.769993922164097,1
S13I,LADDRTLLMAGVIHDLRTPLTRIRLATEMMSEQDGYLAESINKDIEECNAIIEQFIDYLR,1.7926600716800607,0
S13K,LADDRTLLMAGVKHDLRTPLTRIRLATEMMSEQDGYLAESINKDIEECNAIIEQFIDYLR,3.8734719265559177,1
S13L,LADDRTLLMAGVLHDLRTPLTRIRLATEMMSEQDGYLAESINKDIEECNAIIEQFIDYLR,3.7837654649027193,1
S13M,LADDRTLLMAGVMHDLRTPLTRIRLATEMMSEQDGYLAESINKDIEECNAIIEQFIDYLR,3.8783175588904495,1
S13N,LADDRTLLMAGVNHDLRTPLTRIRLATEMMSEQDGYLAESINKDIEECNAIIEQFIDYLR,3.7581477248160646,1
S13P,LADDRTLLMAGVPHDLRTPLTRIRLATEMMSEQDGYLAESINKDIEECNAIIEQFIDYLR,3.869710670643621,1
S13Q,LADDRTLLMAGVQHDLRTPLTRIRLATEMMSEQDGYLAESINKDIEECNAIIEQFIDYLR,3.8812025412391855,1
S13R,LADDRTLLMAGVRHDLRTPLTRIRLATEMMSEQDGYLAESINKDIEECNAIIEQFIDYLR,3.9183876482534776,1
S13T,LADDRTLLMAGVTHDLRTPLTRIRLATEMMSEQDGYLAESINKDIEECNAIIEQFIDYLR,3.869407168593361,1
S13V,LADDRTLLMAGVVHDLRTPLTRIRLATEMMSEQDGYLAESINKDIEECNAIIEQFIDYLR,2.2122483107853226,0
S13W,LADDRTLLMAGVWHDLRTPLTRIRLATEMMSEQDGYLAESINKDIEECNAIIEQFIDYLR,3.8054530321085926,1
S13Y,LADDRTLLMAGVYHDLRTPLTRIRLATEMMSEQDGYLAESINKDIEECNAIIEQFIDYLR,3.943282475672183,1
S31A,LADDRTLLMAGVSHDLRTPLTRIRLATEMMAEQDGYLAESINKDIEECNAIIEQFIDYLR,3.7436159519235295,1
S31C,LADDRTLLMAGVSHDLRTPLTRIRLATEMMCEQDGYLAESINKDIEECNAIIEQFIDYLR,3.759438957975489,1
S31D,LADDRTLLMAGVSHDLRTPLTRIRLATEMMDEQDGYLAESINKDIEECNAIIEQFIDYLR,3.715758002278189,1
S31E,LADDRTLLMAGVSHDLRTPLTRIRLATEMMEEQDGYLAESINKDIEECNAIIEQFIDYLR,3.3816090371588565,0
S31F,LADDRTLLMAGVSHDLRTPLTRIRLATEMMFEQDGYLAESINKDIEECNAIIEQFIDYLR,3.5369455804341605,1
S31G,LADDRTLLMAGVSHDLRTPLTRIRLATEMMGEQDGYLAESINKDIEECNAIIEQFIDYLR,3.731147929254705,1
S31H,LADDRTLLMAGVSHDLRTPLTRIRLATEMMHEQDGYLAESINKDIEECNAIIEQFIDYLR,3.603029175757332,1
S31I,LADDRTLLMAGVSHDLRTPLTRIRLATEMMIEQDGYLAESINKDIEECNAIIEQFIDYLR,3.341927169225042,0
S31K,LADDRTLLMAGVSHDLRTPLTRIRLATEMMKEQDGYLAESINKDIEECNAIIEQFIDYLR,3.719657920149044,1
S31L,LADDRTLLMAGVSHDLRTPLTRIRLATEMMLEQDGYLAESINKDIEECNAIIEQFIDYLR,3.5569843124239533,1
S31M,LADDRTLLMAGVSHDLRTPLTRIRLATEMMMEQDGYLAESINKDIEECNAIIEQFIDYLR,3.505649708503785,1
S31N,LADDRTLLMAGVSHDLRTPLTRIRLATEMMNEQDGYLAESINKDIEECNAIIEQFIDYLR,3.7046559295689727,1
S31P,LADDRTLLMAGVSHDLRTPLTRIRLATEMMPEQDGYLAESINKDIEECNAIIEQFIDYLR,3.693079016385069,1
S31Q,LADDRTLLMAGVSHDLRTPLTRIRLATEMMQEQDGYLAESINKDIEECNAIIEQFIDYLR,3.532800787705386,1
S31R,LADDRTLLMAGVSHDLRTPLTRIRLATEMMREQDGYLAESINKDIEECNAIIEQFIDYLR,3.884129980855733,1
S31T,LADDRTLLMAGVSHDLRTPLTRIRLATEMMTEQDGYLAESINKDIEECNAIIEQFIDYLR,3.5445485438544893,1
S31V,LADDRTLLMAGVSHDLRTPLTRIRLATEMMVEQDGYLAESINKDIEECNAIIEQFIDYLR,3.769726338629427,1
S31W,LADDRTLLMAGVSHDLRTPLTRIRLATEMMWEQDGYLAESINKDIEECNAIIEQFIDYLR,3.5735742423700807,1
S31Y,LADDRTLLMAGVSHDLRTPLTRIRLATEMMYEQDGYLAESINKDIEECNAIIEQFIDYLR,3.2636643729345667,0
S40A,LADDRTLLMAGVSHDLRTPLTRIRLATEMMSEQDGYLAEAINKDIEECNAIIEQFIDYLR,3.836325673686584,1
S40C,LADDRTLLMAGVSHDLRTPLTRIRLATEMMSEQDGYLAECINKDIEECNAIIEQFIDYLR,3.834857853516695,1
S40D,LADDRTLLMAGVSHDLRTPLTRIRLATEMMSEQDGYLAEDINKDIEECNAIIEQFIDYLR,3.7682754316556446,1
S40E,LADDRTLLMAGVSHDLRTPLTRIRLATEMMSEQDGYLAEEINKDIEECNAIIEQFIDYLR,2.280413662385995,0
S40F,LADDRTLLMAGVSHDLRTPLTRIRLATEMMSEQDGYLAEFINKDIEECNAIIEQFIDYLR,3.9068221948287785,1
S40G,LADDRTLLMAGVSHDLRTPLTRIRLATEMMSEQDGYLAEGINKDIEECNAIIEQFIDYLR,3.812356888428017,1
S40H,LADDRTLLMAGVSHDLRTPLTRIRLATEMMSEQDGYLAEHINKDIEECNAIIEQFIDYLR,4.007868178096136,1
S40I,LADDRTLLMAGVSHDLRTPLTRIRLATEMMSEQDGYLAEIINKDIEECNAIIEQFIDYLR,4.082804200599025,1
S40K,LADDRTLLMAGVSHDLRTPLTRIRLATEMMSEQDGYLAEKINKDIEECNAIIEQFIDYLR,3.8661006480033024,1
S40L,LADDRTLLMAGVSHDLRTPLTRIRLATEMMSEQDGYLAELINKDIEECNAIIEQFIDYLR,3.9013848071505137,1
S40N,LADDRTLLMAGVSHDLRTPLTRIRLATEMMSEQDGYLAENINKDIEECNAIIEQFIDYLR,3.858940641610992,1
S40P,LADDRTLLMAGVSHDLRTPLTRIRLATEMMSEQDGYLAEPINKDIEECNAIIEQFIDYLR,3.8440362698428494,1
S40Q,LADDRTLLMAGVSHDLRTPLTRIRLATEMMSEQDGYLAEQINKDIEECNAIIEQFIDYLR,3.927639075973664,1
S40R,LADDRTLLMAGVSHDLRTPLTRIRLATEMMSEQDGYLAERINKDIEECNAIIEQFIDYLR,4.699999999999998,1
S40T,LADDRTLLMAGVSHDLRTPLTRIRLATEMMSEQDGYLAETINKDIEECNAIIEQFIDYLR,0.8000000004287934,0
S40V,LADDRTLLMAGVSHDLRTPLTRIRLATEMMSEQDGYLAEVINKDIEECNAIIEQFIDYLR,3.9190247841512416,1
S40W,LADDRTLLMAGVSHDLRTPLTRIRLATEMMSEQDGYLAEWINKDIEECNAIIEQFIDYLR,3.9163215431587206,1
S40Y,LADDRTLLMAGVSHDLRTPLTRIRLATEMMSEQDGYLAEYINKDIEECNAIIEQFIDYLR,3.878559531277775,1
T18A,LADDRTLLMAGVSHDLRAPLTRIRLATEMMSEQDGYLAESINKDIEECNAIIEQFIDYLR,3.8693078481713368,1
T18C,LADDRTLLMAGVSHDLRCPLTRIRLATEMMSEQDGYLAESINKDIEECNAIIEQFIDYLR,1.7336242620807023,0
T18D,LADDRTLLMAGVSHDLRDPLTRIRLATEMMSEQDGYLAESINKDIEECNAIIEQFIDYLR,3.8108056314942784,1
T18E,LADDRTLLMAGVSHDLREPLTRIRLATEMMSEQDGYLAESINKDIEECNAIIEQFIDYLR,3.8528742043033786,1
T18F,LADDRTLLMAGVSHDLRFPLTRIRLATEMMSEQDGYLAESINKDIEECNAIIEQFIDYLR,3.969033235881554,1
T18G,LADDRTLLMAGVSHDLRGPLTRIRLATEMMSEQDGYLAESINKDIEECNAIIEQFIDYLR,3.914493859099677,1
T18H,LADDRTLLMAGVSHDLRHPLTRIRLATEMMSEQDGYLAESINKDIEECNAIIEQFIDYLR,3.884412920639949,1
T18I,LADDRTLLMAGVSHDLRIPLTRIRLATEMMSEQDGYLAESINKDIEECNAIIEQFIDYLR,1.5202809609171075,0
T18K,LADDRTLLMAGVSHDLRKPLTRIRLATEMMSEQDGYLAESINKDIEECNAIIEQFIDYLR,3.862382822094905,1
T18L,LADDRTLLMAGVSHDLRLPLTRIRLATEMMSEQDGYLAESINKDIEECNAIIEQFIDYLR,0.8000000000000002,0
T18M,LADDRTLLMAGVSHDLRMPLTRIRLATEMMSEQDGYLAESINKDIEECNAIIEQFIDYLR,3.799544406494257,1
T18N,LADDRTLLMAGVSHDLRNPLTRIRLATEMMSEQDGYLAESINKDIEECNAIIEQFIDYLR,3.903130452999239,1
T18P,LADDRTLLMAGVSHDLRPPLTRIRLATEMMSEQDGYLAESINKDIEECNAIIEQFIDYLR,3.8611793957012535,1
T18Q,LADDRTLLMAGVSHDLRQPLTRIRLATEMMSEQDGYLAESINKDIEECNAIIEQFIDYLR,3.840526939935241,1
T18R,LADDRTLLMAGVSHDLRRPLTRIRLATEMMSEQDGYLAESINKDIEECNAIIEQFIDYLR,3.785405627161503,1
T18S,LADDRTLLMAGVSHDLRSPLTRIRLATEMMSEQDGYLAESINKDIEECNAIIEQFIDYLR,3.764735433002393,1
T18V,LADDRTLLMAGVSHDLRVPLTRIRLATEMMSEQDGYLAESINKDIEECNAIIEQFIDYLR,0.8000000000432339,0
T18W,LADDRTLLMAGVSHDLRWPLTRIRLATEMMSEQDGYLAESINKDIEECNAIIEQFIDYLR,3.8900672111957215,1
T18Y,LADDRTLLMAGVSHDLRYPLTRIRLATEMMSEQDGYLAESINKDIEECNAIIEQFIDYLR,3.7071873781643903,1
T21A,LADDRTLLMAGVSHDLRTPLARIRLATEMMSEQDGYLAESINKDIEECNAIIEQFIDYLR,3.839492400133901,1
T21C,LADDRTLLMAGVSHDLRTPLCRIRLATEMMSEQDGYLAESINKDIEECNAIIEQFIDYLR,3.757835024801015,1
T21D,LADDRTLLMAGVSHDLRTPLDRIRLATEMMSEQDGYLAESINKDIEECNAIIEQFIDYLR,2.6577462387137203,0
T21E,LADDRTLLMAGVSHDLRTPLERIRLATEMMSEQDGYLAESINKDIEECNAIIEQFIDYLR,3.8452181135969727,1
T21F,LADDRTLLMAGVSHDLRTPLFRIRLATEMMSEQDGYLAESINKDIEECNAIIEQFIDYLR,4.003241787926455,1
T21G,LADDRTLLMAGVSHDLRTPLGRIRLATEMMSEQDGYLAESINKDIEECNAIIEQFIDYLR,3.7579536512342497,1
T21H,LADDRTLLMAGVSHDLRTPLHRIRLATEMMSEQDGYLAESINKDIEECNAIIEQFIDYLR,3.879248267833417,1
T21I,LADDRTLLMAGVSHDLRTPLIRIRLATEMMSEQDGYLAESINKDIEECNAIIEQFIDYLR,3.7980822412981854,1
T21K,LADDRTLLMAGVSHDLRTPLKRIRLATEMMSEQDGYLAESINKDIEECNAIIEQFIDYLR,2.089834760613076,0
T21L,LADDRTLLMAGVSHDLRTPLLRIRLATEMMSEQDGYLAESINKDIEECNAIIEQFIDYLR,3.9279149598316914,1
T21M,LADDRTLLMAGVSHDLRTPLMRIRLATEMMSEQDGYLAESINKDIEECNAIIEQFIDYLR,3.764858832720968,1
T21N,LADDRTLLMAGVSHDLRTPLNRIRLATEMMSEQDGYLAESINKDIEECNAIIEQFIDYLR,3.836832620585157,1
T21P,LADDRTLLMAGVSHDLRTPLPRIRLATEMMSEQDGYLAESINKDIEECNAIIEQFIDYLR,0.9612749729651558,0
T21Q,LADDRTLLMAGVSHDLRTPLQRIRLATEMMSEQDGYLAESINKDIEECNAIIEQFIDYLR,3.920915133544269,1
T21R,LADDRTLLMAGVSHDLRTPLRRIRLATEMMSEQDGYLAESINKDIEECNAIIEQFIDYLR,0.8163408120483706,0
T21S,LADDRTLLMAGVSHDLRTPLSRIRLATEMMSEQDGYLAESINKDIEECNAIIEQFIDYLR,3.8278308160826007,1
T21V,LADDRTLLMAGVSHDLRTPLVRIRLATEMMSEQDGYLAESINKDIEECNAIIEQFIDYLR,3.93175795811214,1
T21W,LADDRTLLMAGVSHDLRTPLWRIRLATEMMSEQDGYLAESINKDIEECNAIIEQFIDYLR,3.8380590748129313,1
T21Y,LADDRTLLMAGVSHDLRTPLYRIRLATEMMSEQDGYLAESINKDIEECNAIIEQFIDYLR,3.865905477225264,1
T27A,LADDRTLLMAGVSHDLRTPLTRIRLAAEMMSEQDGYLAESINKDIEECNAIIEQFIDYLR,3.0327718195300863,0
T27C,LADDRTLLMAGVSHDLRTPLTRIRLACEMMSEQDGYLAESINKDIEECNAIIEQFIDYLR,3.937666518147605,1
T27D,LADDRTLLMAGVSHDLRTPLTRIRLADEMMSEQDGYLAESINKDIEECNAIIEQFIDYLR,1.3973539419905363,0
T27E,LADDRTLLMAGVSHDLRTPLTRIRLAEEMMSEQDGYLAESINKDIEECNAIIEQFIDYLR,1.6142714868955823,0
T27F,LADDRTLLMAGVSHDLRTPLTRIRLAFEMMSEQDGYLAESINKDIEECNAIIEQFIDYLR,3.9234384534223183,1
T27G,LADDRTLLMAGVSHDLRTPLTRIRLAGEMMSEQDGYLAESINKDIEECNAIIEQFIDYLR,3.840985877708153,1
T27H,LADDRTLLMAGVSHDLRTPLTRIRLAHEMMSEQDGYLAESINKDIEECNAIIEQFIDYLR,3.890919285059603,1
T27I,LADDRTLLMAGVSHDLRTPLTRIRLAIEMMSEQDGYLAESINKDIEECNAIIEQFIDYLR,3.8667055186317305,1
T27K,LADDRTLLMAGVSHDLRTPLTRIRLAKEMMSEQDGYLAESINKDIEECNAIIEQFIDYLR,3.882414867908613,1
T27L,LADDRTLLMAGVSHDLRTPLTRIRLALEMMSEQDGYLAESINKDIEECNAIIEQFIDYLR,3.900476588376627,1
T27M,LADDRTLLMAGVSHDLRTPLTRIRLAMEMMSEQDGYLAESINKDIEECNAIIEQFIDYLR,3.902777603591781,1
T27N,LADDRTLLMAGVSHDLRTPLTRIRLANEMMSEQDGYLAESINKDIEECNAIIEQFIDYLR,1.063961639189752,0
T27P,LADDRTLLMAGVSHDLRTPLTRIRLAPEMMSEQDGYLAESINKDIEECNAIIEQFIDYLR,1.176265172645331,0
T27Q,LADDRTLLMAGVSHDLRTPLTRIRLAQEMMSEQDGYLAESINKDIEECNAIIEQFIDYLR,3.8435755774595495,1
T27R,LADDRTLLMAGVSHDLRTPLTRIRLAREMMSEQDGYLAESINKDIEECNAIIEQFIDYLR,3.8359140378249865,1
T27S,LADDRTLLMAGVSHDLRTPLTRIRLASEMMSEQDGYLAESINKDIEECNAIIEQFIDYLR,1.1812189973186464,0
T27V,LADDRTLLMAGVSHDLRTPLTRIRLAVEMMSEQDGYLAESINKDIEECNAIIEQFIDYLR,3.5968898619327616,1
T27W,LADDRTLLMAGVSHDLRTPLTRIRLAWEMMSEQDGYLAESINKDIEECNAIIEQFIDYLR,3.9134425280514913,1
T27Y,LADDRTLLMAGVSHDLRTPLTRIRLAYEMMSEQDGYLAESINKDIEECNAIIEQFIDYLR,3.8952069118673087,1
T6A,LADDRALLMAGVSHDLRTPLTRIRLATEMMSEQDGYLAESINKDIEECNAIIEQFIDYLR,0.8000000000000002,0
T6C,LADDRCLLMAGVSHDLRTPLTRIRLATEMMSEQDGYLAESINKDIEECNAIIEQFIDYLR,3.763258095453688,1
T6D,LADDRDLLMAGVSHDLRTPLTRIRLATEMMSEQDGYLAESINKDIEECNAIIEQFIDYLR,2.553653774954673,0
T6E,LADDRELLMAGVSHDLRTPLTRIRLATEMMSEQDGYLAESINKDIEECNAIIEQFIDYLR,0.8000000309037905,0
T6F,LADDRFLLMAGVSHDLRTPLTRIRLATEMMSEQDGYLAESINKDIEECNAIIEQFIDYLR,3.8816178093869502,1
T6G,LADDRGLLMAGVSHDLRTPLTRIRLATEMMSEQDGYLAESINKDIEECNAIIEQFIDYLR,3.37774084116337,0
T6H,LADDRHLLMAGVSHDLRTPLTRIRLATEMMSEQDGYLAESINKDIEECNAIIEQFIDYLR,2.2288836418193414,0
T6I,LADDRILLMAGVSHDLRTPLTRIRLATEMMSEQDGYLAESINKDIEECNAIIEQFIDYLR,3.934272922571449,1
T6K,LADDRKLLMAGVSHDLRTPLTRIRLATEMMSEQDGYLAESINKDIEECNAIIEQFIDYLR,0.8000000066741593,0
T6L,LADDRLLLMAGVSHDLRTPLTRIRLATEMMSEQDGYLAESINKDIEECNAIIEQFIDYLR,3.895957620736755,1
T6M,LADDRMLLMAGVSHDLRTPLTRIRLATEMMSEQDGYLAESINKDIEECNAIIEQFIDYLR,3.9067412134894375,1
T6N,LADDRNLLMAGVSHDLRTPLTRIRLATEMMSEQDGYLAESINKDIEECNAIIEQFIDYLR,1.539827659792104,0
T6P,LADDRPLLMAGVSHDLRTPLTRIRLATEMMSEQDGYLAESINKDIEECNAIIEQFIDYLR,3.887580215294801,1
T6R,LADDRRLLMAGVSHDLRTPLTRIRLATEMMSEQDGYLAESINKDIEECNAIIEQFIDYLR,1.669434680654264,0
T6S,LADDRSLLMAGVSHDLRTPLTRIRLATEMMSEQDGYLAESINKDIEECNAIIEQFIDYLR,1.1846080899223974,0
T6V,LADDRVLLMAGVSHDLRTPLTRIRLATEMMSEQDGYLAESINKDIEECNAIIEQFIDYLR,3.9584948445232224,1
T6W,LADDRWLLMAGVSHDLRTPLTRIRLATEMMSEQDGYLAESINKDIEECNAIIEQFIDYLR,3.813644104900872,1
T6Y,LADDRYLLMAGVSHDLRTPLTRIRLATEMMSEQDGYLAESINKDIEECNAIIEQFIDYLR,3.9570915356928,1
V12A,LADDRTLLMAGASHDLRTPLTRIRLATEMMSEQDGYLAESINKDIEECNAIIEQFIDYLR,0.8000000000194538,0
V12C,LADDRTLLMAGCSHDLRTPLTRIRLATEMMSEQDGYLAESINKDIEECNAIIEQFIDYLR,3.8698435560132727,1
V12D,LADDRTLLMAGDSHDLRTPLTRIRLATEMMSEQDGYLAESINKDIEECNAIIEQFIDYLR,3.097660800155454,0
V12E,LADDRTLLMAGESHDLRTPLTRIRLATEMMSEQDGYLAESINKDIEECNAIIEQFIDYLR,3.488581393419365,0
V12F,LADDRTLLMAGFSHDLRTPLTRIRLATEMMSEQDGYLAESINKDIEECNAIIEQFIDYLR,3.825169768253138,1
V12G,LADDRTLLMAGGSHDLRTPLTRIRLATEMMSEQDGYLAESINKDIEECNAIIEQFIDYLR,3.837392862882562,1
V12H,LADDRTLLMAGHSHDLRTPLTRIRLATEMMSEQDGYLAESINKDIEECNAIIEQFIDYLR,1.7336723467526574,0
V12I,LADDRTLLMAGISHDLRTPLTRIRLATEMMSEQDGYLAESINKDIEECNAIIEQFIDYLR,3.6339947468519664,1
V12K,LADDRTLLMAGKSHDLRTPLTRIRLATEMMSEQDGYLAESINKDIEECNAIIEQFIDYLR,0.8000000000000002,0
V12L,LADDRTLLMAGLSHDLRTPLTRIRLATEMMSEQDGYLAESINKDIEECNAIIEQFIDYLR,3.8721033964486526,1
V12M,LADDRTLLMAGMSHDLRTPLTRIRLATEMMSEQDGYLAESINKDIEECNAIIEQFIDYLR,3.8258791546677,1
V12N,LADDRTLLMAGNSHDLRTPLTRIRLATEMMSEQDGYLAESINKDIEECNAIIEQFIDYLR,3.9303923156284135,1
V12P,LADDRTLLMAGPSHDLRTPLTRIRLATEMMSEQDGYLAESINKDIEECNAIIEQFIDYLR,1.030252449385618,0
V12Q,LADDRTLLMAGQSHDLRTPLTRIRLATEMMSEQDGYLAESINKDIEECNAIIEQFIDYLR,0.8003716388113862,0
V12R,LADDRTLLMAGRSHDLRTPLTRIRLATEMMSEQDGYLAESINKDIEECNAIIEQFIDYLR,1.0721452032845582,0
V12S,LADDRTLLMAGSSHDLRTPLTRIRLATEMMSEQDGYLAESINKDIEECNAIIEQFIDYLR,1.7279844223139935,0
V12T,LADDRTLLMAGTSHDLRTPLTRIRLATEMMSEQDGYLAESINKDIEECNAIIEQFIDYLR,0.8000000000753896,0
V12W,LADDRTLLMAGWSHDLRTPLTRIRLATEMMSEQDGYLAESINKDIEECNAIIEQFIDYLR,3.753644411089325,1
V12Y,LADDRTLLMAGYSHDLRTPLTRIRLATEMMSEQDGYLAESINKDIEECNAIIEQFIDYLR,3.94281435489372,1
Y36A,LADDRTLLMAGVSHDLRTPLTRIRLATEMMSEQDGALAESINKDIEECNAIIEQFIDYLR,3.833996003778652,1
Y36C,LADDRTLLMAGVSHDLRTPLTRIRLATEMMSEQDGCLAESINKDIEECNAIIEQFIDYLR,3.776582814864135,1
Y36D,LADDRTLLMAGVSHDLRTPLTRIRLATEMMSEQDGDLAESINKDIEECNAIIEQFIDYLR,1.9179279567157268,0
Y36E,LADDRTLLMAGVSHDLRTPLTRIRLATEMMSEQDGELAESINKDIEECNAIIEQFIDYLR,2.565113265780305,0
Y36F,LADDRTLLMAGVSHDLRTPLTRIRLATEMMSEQDGFLAESINKDIEECNAIIEQFIDYLR,2.7017376172728538,0
Y36G,LADDRTLLMAGVSHDLRTPLTRIRLATEMMSEQDGGLAESINKDIEECNAIIEQFIDYLR,3.809064127909109,1
Y36H,LADDRTLLMAGVSHDLRTPLTRIRLATEMMSEQDGHLAESINKDIEECNAIIEQFIDYLR,3.954046048903328,1
Y36K,LADDRTLLMAGVSHDLRTPLTRIRLATEMMSEQDGKLAESINKDIEECNAIIEQFIDYLR,3.963024864480708,1
Y36L,LADDRTLLMAGVSHDLRTPLTRIRLATEMMSEQDGLLAESINKDIEECNAIIEQFIDYLR,3.737553519861628,1
Y36M,LADDRTLLMAGVSHDLRTPLTRIRLATEMMSEQDGMLAESINKDIEECNAIIEQFIDYLR,3.7234649251825593,1
Y36N,LADDRTLLMAGVSHDLRTPLTRIRLATEMMSEQDGNLAESINKDIEECNAIIEQFIDYLR,3.870881738027279,1
Y36P,LADDRTLLMAGVSHDLRTPLTRIRLATEMMSEQDGPLAESINKDIEECNAIIEQFIDYLR,3.7466192033974632,1
Y36Q,LADDRTLLMAGVSHDLRTPLTRIRLATEMMSEQDGQLAESINKDIEECNAIIEQFIDYLR,3.8702465066562897,1
Y36R,LADDRTLLMAGVSHDLRTPLTRIRLATEMMSEQDGRLAESINKDIEECNAIIEQFIDYLR,3.9224003317903975,1
Y36S,LADDRTLLMAGVSHDLRTPLTRIRLATEMMSEQDGSLAESINKDIEECNAIIEQFIDYLR,3.773805733184151,1
Y36T,LADDRTLLMAGVSHDLRTPLTRIRLATEMMSEQDGTLAESINKDIEECNAIIEQFIDYLR,3.8304814659632127,1
Y36V,LADDRTLLMAGVSHDLRTPLTRIRLATEMMSEQDGVLAESINKDIEECNAIIEQFIDYLR,3.636769202577544,1
Y36W,LADDRTLLMAGVSHDLRTPLTRIRLATEMMSEQDGWLAESINKDIEECNAIIEQFIDYLR,1.8653218351356853,0
Y58A,LADDRTLLMAGVSHDLRTPLTRIRLATEMMSEQDGYLAESINKDIEECNAIIEQFIDALR,3.7437411818924455,1
Y58C,LADDRTLLMAGVSHDLRTPLTRIRLATEMMSEQDGYLAESINKDIEECNAIIEQFIDCLR,3.6283423006917785,1
Y58D,LADDRTLLMAGVSHDLRTPLTRIRLATEMMSEQDGYLAESINKDIEECNAIIEQFIDDLR,3.8016931289117775,1
Y58E,LADDRTLLMAGVSHDLRTPLTRIRLATEMMSEQDGYLAESINKDIEECNAIIEQFIDELR,3.71989848803892,1
Y58F,LADDRTLLMAGVSHDLRTPLTRIRLATEMMSEQDGYLAESINKDIEECNAIIEQFIDFLR,3.8861546076986393,1
Y58G,LADDRTLLMAGVSHDLRTPLTRIRLATEMMSEQDGYLAESINKDIEECNAIIEQFIDGLR,3.8342469135218895,1
Y58H,LADDRTLLMAGVSHDLRTPLTRIRLATEMMSEQDGYLAESINKDIEECNAIIEQFIDHLR,3.788040327057503,1
Y58I,LADDRTLLMAGVSHDLRTPLTRIRLATEMMSEQDGYLAESINKDIEECNAIIEQFIDILR,3.7564983791808952,1
Y58K,LADDRTLLMAGVSHDLRTPLTRIRLATEMMSEQDGYLAESINKDIEECNAIIEQFIDKLR,2.1522326937460563,0
Y58L,LADDRTLLMAGVSHDLRTPLTRIRLATEMMSEQDGYLAESINKDIEECNAIIEQFIDLLR,3.905377800402519,1
Y58M,LADDRTLLMAGVSHDLRTPLTRIRLATEMMSEQDGYLAESINKDIEECNAIIEQFIDMLR,3.9457118118001535,1
Y58N,LADDRTLLMAGVSHDLRTPLTRIRLATEMMSEQDGYLAESINKDIEECNAIIEQFIDNLR,3.8516602741517487,1
Y58P,LADDRTLLMAGVSHDLRTPLTRIRLATEMMSEQDGYLAESINKDIEECNAIIEQFIDPLR,1.7601347189138166,0
Y58Q,LADDRTLLMAGVSHDLRTPLTRIRLATEMMSEQDGYLAESINKDIEECNAIIEQFIDQLR,3.726647129150953,1
Y58R,LADDRTLLMAGVSHDLRTPLTRIRLATEMMSEQDGYLAESINKDIEECNAIIEQFIDRLR,2.8805982191127355,0
Y58S,LADDRTLLMAGVSHDLRTPLTRIRLATEMMSEQDGYLAESINKDIEECNAIIEQFIDSLR,1.2132234626794678,0
Y58T,LADDRTLLMAGVSHDLRTPLTRIRLATEMMSEQDGYLAESINKDIEECNAIIEQFIDTLR,3.8961246911607135,1
Y58V,LADDRTLLMAGVSHDLRTPLTRIRLATEMMSEQDGYLAESINKDIEECNAIIEQFIDVLR,3.816553012832319,1
Y58W,LADDRTLLMAGVSHDLRTPLTRIRLATEMMSEQDGYLAESINKDIEECNAIIEQFIDWLR,3.978013728060872,1
